graphID,length_3d,dist,tort
0,0.585107,2.449490,0.238869
0,1.379990,8.124038,0.169865
0,2.447900,7.280110,0.336245
0,0.294194,2.236068,0.131567
0,0.879301,4.123106,0.213262
0,0.706966,3.316625,0.213158
0,0.344669,2.828427,0.121859
0,0.929777,5.099020,0.182344
0,1.667624,5.916080,0.281880
0,3.181966,11.357817,0.280156
0,2.529992,10.246951,0.246902
0,1.048356,3.605551,0.290762
0,1.098832,3.741657,0.293675
0,1.966410,8.602325,0.228591
0,0.172335,1.414214,0.121859
0,0.910182,2.236068,0.407046
0,1.600215,5.385165,0.297152
0,0.710246,5.385165,0.131889
0,0.757442,3.741657,0.202435
0,0.121859,1.000000,0.121859
0,0.757442,3.741657,0.202435
0,1.254851,4.582576,0.273831
0,1.373431,4.242641,0.323721
0,0.566678,3.162278,0.179199
0,0.832105,5.656854,0.147097
0,1.258825,4.582576,0.274698
0,3.581295,10.488088,0.341463
0,2.350229,6.708204,0.350351
0,0.741127,3.316625,0.223458
0,1.650691,3.741657,0.441166
0,1.852571,5.000000,0.370514
0,0.172335,1.414214,0.121859
0,0.757442,3.741657,0.202435
0,0.557686,4.000000,0.139422
0,1.136966,3.741657,0.303867
0,2.179445,7.874008,0.276790
0,1.066202,3.741657,0.284954
0,0.487436,4.000000,0.121859
0,1.545765,4.242641,0.364340
0,1.942223,6.708204,0.289530
0,1.562080,6.403124,0.243956
0,2.421787,6.557439,0.369319
0,1.600834,5.916080,0.270590
0,1.254851,5.385165,0.233020
0,1.958538,6.480741,0.302209
0,1.792763,5.830952,0.307456
0,0.568793,2.236068,0.254372
0,1.123019,5.744563,0.195492
0,1.511605,5.099020,0.296450
0,0.811197,6.403124,0.126688
0,1.755322,6.164414,0.284751
0,1.032041,3.741657,0.275825
0,3.110983,8.306624,0.374518
0,1.082517,3.605551,0.300236
0,0.585107,2.449490,0.238869
0,0.910182,3.000000,0.303394
0,0.635583,3.000000,0.211861
0,1.032041,3.741657,0.275825
0,0.879301,4.582576,0.191879
0,1.426385,6.633250,0.215036
0,3.210110,10.049876,0.319418
0,2.697298,6.082763,0.443433
0,2.603009,11.180340,0.232820
0,0.832105,6.324555,0.131567
0,0.955513,4.358899,0.219210
0,0.463249,1.732051,0.267457
0,0.659770,4.472136,0.147529
0,0.568793,2.236068,0.254372
0,1.373431,4.690416,0.292816
0,0.294194,2.236068,0.131567
0,2.957949,8.717798,0.339300
0,1.170215,4.898979,0.238869
0,0.517004,4.242641,0.121859
0,1.357116,4.123106,0.329149
0,0.957514,3.162278,0.302793
0,0.811197,5.385165,0.150636
0,1.123019,6.403124,0.175386
0,0.446934,1.414214,0.316030
0,1.309920,4.898979,0.267386
0,2.185941,6.708204,0.325861
0,1.667624,5.916080,0.281880
0,3.646732,12.083046,0.301806
0,1.323867,3.605551,0.367175
0,2.652469,9.165151,0.289408
0,0.487436,4.000000,0.121859
0,2.672064,10.049876,0.265880
0,0.879301,4.123106,0.213262
0,0.984845,5.196152,0.189534
0,1.529450,5.385165,0.284012
0,1.755322,6.782330,0.258808
0,1.787116,4.242641,0.421227
0,1.478975,4.690416,0.315318
0,2.640836,12.247449,0.215623
0,3.041055,9.643651,0.315343
0,1.758602,8.717798,0.201725
0,1.393025,6.708204,0.207660
0,0.893867,2.449490,0.364920
0,4.506994,15.362291,0.293380
0,2.630182,6.403124,0.410765
0,0.876934,2.236068,0.392177
0,2.816931,7.348469,0.383336
0,1.295534,5.385165,0.240575
0,0.172335,1.414214,0.121859
0,0.757442,3.741657,0.202435
0,1.373431,4.242641,0.323721
0,0.934369,5.099020,0.183245
0,2.422699,5.196152,0.466249
0,0.537911,4.123106,0.130463
0,0.568793,2.236068,0.254372
0,1.718100,7.071068,0.242976
0,2.516956,9.695360,0.259604
0,1.323867,3.316625,0.399161
0,0.635583,2.236068,0.284241
0,2.762820,7.348469,0.375972
0,0.463249,1.732051,0.267457
0,0.121859,1.000000,0.121859
0,0.172335,1.414214,0.121859
0,3.091375,8.774964,0.352295
0,1.823644,6.164414,0.295834
0,3.034579,15.033296,0.201857
0,1.032041,3.741657,0.275825
0,5.529853,20.615528,0.268237
0,0.585107,2.449490,0.238869
0,1.820364,4.472136,0.407046
0,2.062769,9.273618,0.222434
0,0.446934,1.414214,0.316030
0,0.757442,3.162278,0.239524
0,1.617149,4.690416,0.344777
0,3.539642,13.601471,0.260240
0,1.975765,6.403124,0.308563
0,1.274508,6.164414,0.206753
0,1.065583,3.464102,0.307607
0,3.296275,9.433981,0.349404
0,1.739148,6.782330,0.256423
0,1.518164,8.124038,0.186873
0,1.349069,3.000000,0.449690
0,0.446934,1.414214,0.316030
0,0.416052,3.162278,0.131567
0,1.789005,5.196152,0.344294
0,3.136042,14.456832,0.216925
0,0.913462,4.123106,0.221547
0,2.200964,5.385165,0.408709
0,3.027401,11.045361,0.274088
0,1.223970,5.916080,0.206889
0,2.389157,6.708204,0.356154
0,2.184628,8.774964,0.248961
0,0.446934,1.414214,0.316030
0,1.562080,5.744563,0.271923
0,1.360395,5.000000,0.272079
0,2.033201,9.055385,0.224529
0,2.476377,5.916080,0.418584
0,1.614376,8.485281,0.190256
0,1.170215,4.898979,0.238869
0,1.651309,5.099020,0.323848
0,2.076379,6.480741,0.320392
0,2.097624,6.480741,0.323670
0,2.823004,12.688578,0.222484
0,1.617149,6.164414,0.262336
0,1.721379,8.831761,0.194908
0,1.549045,6.164414,0.251288
0,0.487436,4.000000,0.121859
0,0.760722,5.656854,0.134478
0,1.634994,4.358899,0.375093
0,1.376710,6.164414,0.223332
0,0.344669,2.828427,0.121859
0,0.344669,2.828427,0.121859
0,6.058805,17.435596,0.347496
0,0.294194,2.236068,0.131567
0,1.309920,4.472136,0.292907
0,1.529450,5.000000,0.305890
0,1.001160,5.099020,0.196344
0,0.635583,3.000000,0.211861
0,2.417019,6.708204,0.360308
0,2.819570,10.246951,0.275162
0,0.588387,4.472136,0.131567
0,0.635583,3.000000,0.211861
0,1.098832,3.741657,0.293675
0,1.345829,6.164414,0.218322
0,1.659577,5.385165,0.308176
0,0.811197,0.000000,inf
0,1.220691,4.582576,0.266377
0,0.807918,4.358899,0.185349
0,1.498569,6.708204,0.223393
0,1.326235,5.000000,0.265247
0,2.577188,8.366600,0.308033
0,1.495290,4.123106,0.362661
0,4.899554,13.304135,0.368273
0,1.129849,0.000000,inf
0,2.696679,6.403124,0.421151
0,0.910318,4.358899,0.208841
0,1.723177,5.916080,0.291270
0,1.408917,5.744563,0.245261
0,1.839959,6.557439,0.280591
0,1.271166,6.000000,0.211861
0,1.545765,3.162278,0.488814
0,1.540620,7.810250,0.197256
0,1.098832,3.741657,0.293675
0,1.446780,8.124038,0.178086
0,1.792763,8.717798,0.205644
0,1.667624,5.916080,0.281880
0,2.119586,9.110434,0.232655
0,1.722538,6.708204,0.256781
0,3.229444,9.433981,0.342320
0,2.600486,9.110434,0.285440
0,1.981412,9.219544,0.214914
0,1.592787,5.385165,0.295773
0,1.054915,8.062258,0.130846
0,0.537911,4.123106,0.130463
0,1.612381,6.000000,0.268730
0,2.675434,6.082763,0.439839
0,3.967128,11.045361,0.359167
0,1.591096,0.000000,inf
0,2.687225,9.949874,0.270076
0,2.375247,7.549834,0.314609
0,1.591096,7.874008,0.202069
0,0.619268,2.449490,0.252815
0,1.511605,2.449490,0.617110
0,1.942223,4.123106,0.471058
0,1.048356,3.605551,0.290762
0,0.466528,3.000000,0.155509
0,2.104584,9.273618,0.226943
0,1.617149,5.830952,0.277339
0,3.493747,14.628739,0.238828
0,2.064082,6.000000,0.344014
0,2.038516,5.385165,0.378543
0,2.794193,7.280110,0.383812
0,1.820500,6.480741,0.280909
0,1.001160,5.099020,0.196344
0,0.913462,4.582576,0.199334
0,0.416052,3.162278,0.131567
0,3.888817,12.328828,0.315425
0,1.772550,5.385165,0.329154
0,0.635583,2.236068,0.284241
0,3.758367,15.165751,0.247819
0,1.898307,9.273618,0.204700
0,1.360395,5.385165,0.252619
0,3.212685,12.206556,0.263193
0,1.522864,7.549834,0.201708
0,1.667624,3.464102,0.481402
0,1.495290,5.000000,0.299058
0,1.065583,3.464102,0.307607
0,1.698351,5.099020,0.333074
0,1.435563,5.099020,0.281537
0,1.048356,3.605551,0.290762
0,1.836679,5.000000,0.367336
0,1.803431,5.000000,0.360686
0,1.051636,5.916080,0.177759
0,1.244878,7.348469,0.169406
0,1.636743,7.810250,0.209563
0,2.088805,4.123106,0.506610
0,1.828632,5.744563,0.318324
0,0.984845,5.196152,0.189534
0,1.478975,4.242641,0.348598
0,1.204376,4.472136,0.269307
0,2.355136,5.830952,0.403903
0,1.119879,4.472136,0.250413
0,0.926497,2.828427,0.327566
0,0.635583,3.000000,0.211861
0,2.298549,7.348469,0.312793
0,2.250983,6.708204,0.335557
0,1.608734,8.944272,0.179862
0,1.032041,3.162278,0.326360
0,2.286892,7.280110,0.314129
0,4.297084,18.627936,0.230680
0,1.640023,10.344080,0.158547
0,1.011269,5.916080,0.170936
0,3.219948,5.385165,0.597929
0,1.220691,5.385165,0.226677
0,1.113534,4.582576,0.242993
0,1.887291,7.071068,0.266903
0,2.130873,6.000000,0.355145
0,2.618308,10.488088,0.249646
0,1.128334,2.000000,0.564167
0,0.893867,2.000000,0.446934
0,1.144649,5.385165,0.212556
0,1.725353,7.483315,0.230560
0,2.051047,8.306624,0.246917
0,1.844551,7.141428,0.258289
0,2.420408,8.062258,0.300215
0,1.220691,5.000000,0.244138
0,1.220691,5.000000,0.244138
0,0.910182,3.000000,0.303394
0,1.357116,4.358899,0.311344
0,2.423317,7.810250,0.310274
0,3.927037,0.000000,inf
0,2.903102,9.273618,0.313050
0,6.965654,17.262677,0.403509
0,2.910947,9.797959,0.297097
0,1.667624,6.557439,0.254310
0,2.420408,9.219544,0.262530
0,4.360734,9.000000,0.484526
0,3.853463,10.816654,0.356253
0,0.757442,3.741657,0.202435
0,1.623137,9.165151,0.177099
0,4.871511,16.492423,0.295379
0,0.913462,4.582576,0.199334
0,0.791603,3.741657,0.211565
0,0.635583,3.000000,0.211861
0,1.082517,4.123106,0.262549
0,0.635583,3.000000,0.211861
0,0.635583,3.000000,0.211861
0,3.440792,6.782330,0.507317
0,0.344669,2.828427,0.121859
0,1.961818,7.874008,0.249151
0,0.619268,2.449490,0.252815
0,2.855685,6.782330,0.421048
0,1.819746,5.099020,0.356881
0,2.708277,9.539392,0.283905
0,3.492711,9.539392,0.366136
0,3.083484,9.899495,0.311479
0,4.423270,11.704700,0.377905
0,2.507511,0.000000,inf
0,3.677613,9.899495,0.371495
0,2.316677,10.246951,0.226084
0,0.741127,3.316625,0.223458
0,3.585401,8.366600,0.428537
0,3.302618,4.472136,0.738488
0,2.733207,7.141428,0.382726
0,0.910182,3.000000,0.303394
0,1.734415,5.916080,0.293170
0,1.048356,4.123106,0.254264
0,1.001160,5.099020,0.196344
0,0.757442,3.741657,0.202435
0,1.357116,3.316625,0.409186
0,1.655930,5.916080,0.279903
0,2.733826,5.916080,0.462101
0,1.477584,5.744563,0.257214
0,1.254851,5.385165,0.233020
0,1.803431,5.385165,0.334889
0,1.357116,3.316625,0.409186
0,1.529450,5.000000,0.305890
0,4.641888,10.862780,0.427320
0,0.585107,2.449490,0.238869
0,1.542622,5.477226,0.281643
0,1.373431,3.741657,0.367065
0,1.667624,6.557439,0.254310
0,0.929777,5.099020,0.182344
0,4.283565,11.357817,0.377147
0,3.045246,9.949874,0.306059
0,2.250364,5.744563,0.391738
0,0.635583,3.000000,0.211861
0,0.466528,3.605551,0.129392
0,2.183867,5.385165,0.405534
0,1.760151,7.348469,0.239526
0,3.591165,9.643651,0.372386
0,1.995978,5.099020,0.391444
0,3.218089,5.477226,0.587540
0,2.132403,6.928203,0.307786
0,1.930937,8.485281,0.227563
0,0.294194,2.236068,0.131567
0,1.182667,4.690416,0.252145
0,0.926497,3.464102,0.267457
0,0.963937,5.099020,0.189044
0,0.344669,2.828427,0.121859
0,1.911342,7.681146,0.248836
0,4.476807,12.884099,0.347468
0,4.347988,9.433981,0.460886
0,0.910182,2.236068,0.407046
0,0.781629,6.082763,0.128499
0,1.001160,5.477226,0.182786
0,1.478975,5.099020,0.290051
0,1.204376,4.472136,0.269307
0,1.856274,7.874008,0.235747
0,2.165033,7.211103,0.300236
0,1.667624,5.916080,0.281880
0,3.197074,8.246211,0.387702
0,2.542434,7.810250,0.325525
0,2.792060,6.082763,0.459012
0,1.498569,6.403124,0.234037
0,1.787734,5.099020,0.350604
0,4.380190,15.811388,0.277028
0,2.337736,11.874342,0.196873
0,3.168875,9.000000,0.352097
0,1.213260,4.123106,0.294259
0,2.442912,8.660254,0.282083
0,3.271508,6.557439,0.498900
0,2.012293,7.141428,0.281777
0,1.356497,4.123106,0.328999
0,0.862986,4.242641,0.203408
0,1.032041,3.162278,0.326360
0,0.913462,4.582576,0.199334
0,2.418372,11.832160,0.204390
0,0.635583,3.000000,0.211861
0,1.321576,5.385165,0.245411
0,2.788894,6.782330,0.411200
0,1.345829,6.782330,0.198432
0,1.085796,5.196152,0.208962
0,1.846518,10.816654,0.170711
0,1.498569,6.403124,0.234037
0,1.329514,7.141428,0.186169
0,2.699665,9.949874,0.271327
0,2.885937,7.483315,0.385650
0,1.366737,8.306624,0.164536
0,4.577064,12.569805,0.364132
0,3.377677,12.041595,0.280501
0,1.511605,5.830952,0.259238
0,0.963937,5.099020,0.189044
0,1.254851,5.099020,0.246097
0,1.780232,6.782330,0.262481
0,1.991482,6.782330,0.293628
0,4.188224,19.026298,0.220128
0,4.933701,10.862780,0.454184
0,2.455947,8.062258,0.304623
0,1.780232,7.874008,0.226090
0,1.765121,5.916080,0.298360
0,3.099403,12.083046,0.256508
0,3.403570,8.485281,0.401115
0,5.214498,21.213203,0.245814
0,0.416052,3.162278,0.131567
0,4.111849,8.306624,0.495008
0,1.804049,5.744563,0.314045
0,2.799998,9.949874,0.281410
0,7.440404,22.315914,0.333412
0,2.611967,8.831761,0.295747
0,0.588387,4.472136,0.131567
0,0.344669,2.000000,0.172335
0,1.389746,5.196152,0.267457
0,0.980252,5.744563,0.170640
0,0.933056,7.071068,0.131954
0,1.342550,5.477226,0.245115
0,1.929188,7.874008,0.245007
0,2.946663,10.246951,0.287565
0,2.543646,9.486833,0.268124
0,1.820364,4.898979,0.371580
0,1.978273,9.695360,0.204043
0,2.387043,4.898979,0.487253
0,1.714686,12.041595,0.142397
0,1.831912,6.403124,0.286097
0,1.633464,6.557439,0.249101
0,1.843238,8.062258,0.228626
0,1.803431,4.582576,0.393541
0,1.841925,11.445523,0.160930
0,1.683939,5.830952,0.288793
0,3.978903,17.204651,0.231269
0,2.652469,10.000000,0.265247
0,0.619268,2.449490,0.252815
0,3.659059,10.198039,0.358800
0,3.662588,16.093477,0.227582
0,2.279980,10.630146,0.214482
0,1.549045,6.000000,0.258174
0,3.120604,11.180340,0.279115
0,2.106855,7.348469,0.286707
0,2.661856,8.366600,0.318153
0,4.822079,10.000000,0.482208
0,4.677764,10.000000,0.467776
0,1.157180,6.082763,0.190239
0,3.323408,9.486833,0.350318
0,0.294194,2.236068,0.131567
0,1.820364,6.000000,0.303394
0,4.917710,13.928388,0.353071
0,2.080397,7.280110,0.285765
0,3.031631,11.224972,0.270079
0,3.785793,9.695360,0.390475
0,2.380199,9.695360,0.245499
0,3.228297,12.569805,0.256830
0,7.853301,13.266499,0.591965
0,3.272828,13.266499,0.246699
0,3.247280,14.696938,0.220949
0,2.594121,9.848858,0.263393
0,1.443501,7.071068,0.204142
0,2.697298,7.000000,0.385328
0,4.359851,18.384776,0.237145
0,0.913462,4.123106,0.221547
0,1.340182,3.162278,0.423803
0,1.718100,6.480741,0.265109
0,2.067362,8.124038,0.254475
0,1.323249,3.316625,0.398974
0,2.892685,12.083046,0.239400
0,2.744735,12.247449,0.224107
0,2.701930,11.224972,0.240707
0,4.115436,12.247449,0.336024
0,3.623639,6.782330,0.534276
0,2.876898,8.124038,0.354122
0,2.303207,8.831761,0.260787
0,2.114558,6.403124,0.330238
0,2.157567,10.630146,0.202967
0,1.991958,7.615773,0.261557
0,5.120068,15.556349,0.329130
0,2.418659,7.000000,0.345523
0,0.466528,3.605551,0.129392
0,2.595652,6.403124,0.405373
0,1.254851,3.605551,0.348033
0,1.204376,4.898979,0.245842
0,2.585679,10.000000,0.258568
0,1.911342,7.681146,0.248836
0,2.942070,11.357817,0.259035
0,0.862986,4.242641,0.203408
0,1.066202,3.741657,0.284954
0,0.659770,5.099020,0.129392
0,1.326235,5.000000,0.265247
0,0.926497,3.464102,0.267457
0,0.588387,4.472136,0.131567
0,1.271166,4.898979,0.259476
0,0.926497,3.464102,0.267457
0,1.804419,9.848858,0.183211
0,2.009014,5.744563,0.349724
0,3.216669,12.041595,0.267130
0,2.255943,9.433981,0.239129
0,1.828721,5.385165,0.339585
0,3.753797,9.165151,0.409573
0,0.926497,2.828427,0.327566
0,5.153381,0.000000,inf
0,2.452940,11.180340,0.219398
0,0.690651,3.162278,0.218403
0,1.435563,4.242641,0.338365
0,0.926497,2.828427,0.327566
0,0.926497,2.828427,0.327566
0,1.098832,3.162278,0.347481
0,2.601994,9.000000,0.289110
0,1.220691,5.385165,0.226677
0,0.910182,2.236068,0.407046
0,1.925290,4.472136,0.430508
0,1.787116,4.472136,0.399611
0,2.696679,6.403124,0.421151
0,1.357116,4.358899,0.311344
0,2.387766,8.366600,0.285393
0,0.926497,2.828427,0.327566
0,3.765867,12.449900,0.302482
0,3.041055,4.123106,0.737564
0,1.891269,4.123106,0.458700
0,5.256777,10.488088,0.501214
0,1.373431,4.242641,0.323721
0,1.927657,8.124038,0.237278
0,2.480135,9.797959,0.253128
0,1.254851,5.385165,0.233020
0,0.934369,5.099020,0.183245
0,2.611967,7.071068,0.369388
0,2.821524,9.273618,0.304253
0,1.805798,6.403124,0.282018
0,3.232984,11.661904,0.277226
0,5.005785,8.062258,0.620891
0,5.029567,18.055470,0.278562
0,3.557692,8.544004,0.416396
0,3.287172,10.677078,0.307872
0,1.496365,3.741657,0.399920
0,5.483701,19.000000,0.288616
0,4.671191,8.544004,0.546722
0,2.252732,8.306624,0.271197
0,3.643389,8.124038,0.448470
0,0.828825,4.242641,0.195356
0,2.544558,5.830952,0.436388
0,0.757442,3.741657,0.202435
0,4.516425,11.357817,0.397649
0,3.913235,10.816654,0.361779
0,1.999040,5.099020,0.392044
0,2.387043,9.165151,0.260448
0,2.114558,7.810250,0.270741
0,1.340182,3.741657,0.358179
0,2.719757,8.062258,0.337344
0,4.632182,13.638182,0.339648
0,0.757442,3.741657,0.202435
0,1.400897,8.062258,0.173760
0,2.083677,7.000000,0.297668
0,1.376710,5.830952,0.236104
0,2.961229,9.643651,0.307065
0,1.495290,4.123106,0.362661
0,3.182508,11.090537,0.286957
0,1.495290,5.385165,0.277668
0,1.376710,6.000000,0.229452
0,4.147005,13.490738,0.307396
0,1.651309,6.782330,0.243472
0,1.204376,5.744563,0.209655
0,2.544851,5.099020,0.499086
0,3.965050,12.083046,0.328150
0,2.186853,5.000000,0.437371
0,1.911342,7.681146,0.248836
0,2.006782,5.000000,0.401356
0,1.440047,6.164414,0.233606
0,1.015726,3.000000,0.338575
0,4.076375,10.344080,0.394078
0,3.879679,12.884099,0.301121
0,2.275566,7.681146,0.296253
0,2.453993,8.366600,0.293308
0,2.974634,13.747727,0.216373
0,1.634376,5.385165,0.303496
0,2.165033,8.246211,0.262549
0,0.910182,2.236068,0.407046
0,2.130873,4.000000,0.532718
0,1.204376,4.000000,0.301094
0,1.654589,7.874008,0.210133
0,2.854306,11.045361,0.258417
0,2.587427,12.409674,0.208501
0,2.455947,8.062258,0.304623
0,2.735917,6.324555,0.432587
0,0.344669,2.828427,0.121859
0,0.950684,5.196152,0.182959
0,1.393025,5.744563,0.242495
0,1.032041,2.828427,0.364882
0,0.706966,3.316625,0.213158
0,1.478975,5.099020,0.290051
0,3.785341,8.774964,0.431380
0,0.926497,2.828427,0.327566
0,1.478975,5.099020,0.290051
0,1.448094,6.164414,0.234912
0,1.874119,7.000000,0.267731
0,1.877399,8.544004,0.219733
0,1.326235,5.744563,0.230868
0,1.978133,7.681146,0.257531
0,1.925908,5.477226,0.351621
0,1.553637,7.071068,0.219718
0,0.812510,4.123106,0.197063
0,1.357116,4.123106,0.329149
0,1.634994,5.385165,0.303611
0,1.495290,5.385165,0.277668
0,1.464408,7.000000,0.209201
0,3.573613,9.055385,0.394640
0,3.177480,10.049876,0.316171
0,1.651309,5.099020,0.323848
0,2.062215,7.000000,0.294602
0,3.462185,13.190906,0.262468
0,1.819148,7.874008,0.231032
0,1.170215,4.472136,0.261668
0,1.503162,7.000000,0.214737
0,1.514884,6.324555,0.239524
0,2.957494,6.403124,0.461883
0,2.513840,9.643651,0.260673
0,1.254851,5.000000,0.250970
0,1.943299,3.741657,0.519368
0,1.153900,4.582576,0.251802
0,0.910182,2.236068,0.407046
0,2.615941,7.874008,0.332225
0,1.636743,8.306624,0.197041
0,1.254851,5.000000,0.250970
0,4.240251,11.832160,0.358367
0,3.139349,7.483315,0.419513
0,3.769964,10.049876,0.375125
0,1.718236,7.483315,0.229609
0,2.421787,8.774964,0.275988
0,1.755322,6.782330,0.258808
0,3.366129,6.782330,0.496309
0,0.690651,3.162278,0.218403
0,2.463308,6.782330,0.363195
0,0.862986,4.242641,0.203408
0,2.093516,7.280110,0.287566
0,0.807918,3.316625,0.243596
0,1.223970,5.916080,0.206889
0,1.098832,3.741657,0.293675
0,1.633464,5.196152,0.314360
0,3.108420,8.944272,0.347532
0,1.566966,3.316625,0.472458
0,1.591582,5.916080,0.269027
0,1.780232,5.099020,0.349132
0,0.828825,4.242641,0.195356
0,1.340182,3.741657,0.358179
0,5.333796,14.071247,0.379056
0,5.035099,11.000000,0.457736
0,10.733670,20.099751,0.534020
0,6.687914,21.470911,0.311487
0,6.639872,20.099751,0.330346
0,7.077386,28.231188,0.250694
0,6.904862,18.708287,0.369080
0,3.778848,17.464249,0.216376
0,5.150966,17.464249,0.294943
0,7.002714,21.470911,0.326149
0,5.582737,28.231188,0.197751
0,3.252143,8.774964,0.370616
0,9.730026,0.000000,inf
0,9.786028,0.000000,inf
0,5.667808,24.596748,0.230429
0,4.797025,25.612497,0.187292
0,4.367025,0.000000,inf
0,6.452778,30.822070,0.209356
0,15.432255,0.000000,inf
0,5.963303,27.147744,0.219661
0,6.664352,31.160873,0.213869
0,5.412861,12.727922,0.425274
0,4.297360,9.949874,0.431901
0,4.287448,14.730920,0.291051
0,5.065559,15.684387,0.322968
0,7.467531,15.684387,0.476112
0,6.517087,38.755645,0.168158
0,5.862523,21.447611,0.273342
0,10.154735,29.748950,0.341348
0,7.826540,29.748950,0.263086
0,7.828907,35.142567,0.222776
0,8.216365,35.142567,0.233801
0,7.454217,26.739484,0.278772
0,7.781419,28.089144,0.277026
0,6.818296,24.718414,0.275839
0,7.043474,36.249138,0.194307
0,6.733844,29.883106,0.225340
0,9.700171,37.456642,0.258971
0,1.254851,5.385165,0.233020
0,3.701375,13.076697,0.283051
0,3.258208,9.899495,0.329129
0,5.164381,15.394804,0.335463
0,5.380711,12.247449,0.439333
0,2.535953,6.708204,0.378037
0,3.533301,11.445523,0.308706
0,0.926497,3.464102,0.267457
0,2.618449,10.630146,0.246323
0,1.357116,3.000000,0.452372
0,3.973969,8.774964,0.452876
0,1.633464,5.196152,0.314360
0,0.910182,3.000000,0.303394
0,1.667624,5.196152,0.320934
0,1.082517,3.605551,0.300236
0,1.137585,4.472136,0.254372
0,2.080397,7.000000,0.297200
0,1.448094,6.633250,0.218308
0,4.380330,18.681542,0.234474
0,4.678787,19.467922,0.240333
0,2.802517,7.000000,0.400360
0,0.757442,3.741657,0.202435
0,2.208815,11.575837,0.190813
0,2.124179,11.180340,0.189992
0,2.130873,7.211103,0.295499
0,1.342550,4.472136,0.300203
0,2.889227,11.704700,0.246843
0,3.876297,9.000000,0.430700
0,1.098832,3.162278,0.347481
0,2.325027,7.549834,0.307957
0,1.541269,6.480741,0.237823
0,0.926497,2.828427,0.327566
0,1.779069,4.242641,0.419331
0,0.975594,5.744563,0.169829
0,2.267298,7.071068,0.320644
0,2.244961,4.242641,0.529142
0,2.244961,4.242641,0.529142
0,1.820364,4.898979,0.371580
0,1.482254,4.472136,0.331442
0,1.254851,4.582576,0.273831
0,1.048356,4.123106,0.254264
0,1.600834,5.196152,0.308081
0,0.638863,5.000000,0.127773
0,0.635583,3.000000,0.211861
0,1.279146,5.744563,0.222671
0,4.456823,5.744563,0.775833
0,2.719757,5.744563,0.473449
0,1.683935,9.433981,0.178497
0,3.219707,11.575837,0.278140
0,4.386169,11.575837,0.378907
0,3.537672,18.788294,0.188291
0,2.265477,12.449900,0.181967
0,1.589547,9.055385,0.175536
0,2.360556,6.403124,0.368657
0,6.008625,19.519221,0.307831
0,2.014682,5.477226,0.367829
0,2.081473,3.464102,0.600869
0,1.310032,8.124038,0.161254
0,3.593642,16.124515,0.222868
0,3.049034,9.380832,0.325028
0,2.624975,12.206556,0.215046
0,6.060148,9.949874,0.609068
0,0.537911,4.123106,0.130463
0,2.594121,8.660254,0.299543
0,1.051636,5.916080,0.177759
0,2.718135,4.123106,0.659244
0,1.082517,3.605551,0.300236
0,1.340801,4.242641,0.316030
0,0.910182,3.000000,0.303394
0,1.478975,4.242641,0.348598
0,0.243718,0.000000,inf
0,4.381339,4.242641,1.032691
0,3.837707,9.486833,0.404530
0,0.791603,3.741657,0.211565
0,3.298138,12.529964,0.263220
0,1.813778,7.874008,0.230350
0,2.228370,6.324555,0.352336
0,0.926497,2.828427,0.327566
0,1.836679,5.385165,0.341063
0,1.756853,5.830952,0.301298
0,0.876934,7.681146,0.114167
0,3.430082,8.124038,0.422214
0,1.826923,8.246211,0.221547
0,0.619268,2.449490,0.252815
0,4.056781,13.490738,0.300709
0,1.152587,7.141428,0.161394
0,2.443494,10.630146,0.229865
0,3.049412,11.224972,0.271663
0,3.561338,13.964240,0.255033
0,1.360395,5.385165,0.252619
0,0.963937,5.099020,0.189044
0,0.344669,2.828427,0.121859
0,2.122826,6.324555,0.335648
0,3.895598,15.297059,0.254663
0,0.344669,4.472136,0.077070
0,2.939520,10.099505,0.291056
0,3.128170,10.440307,0.299624
0,2.819157,6.324555,0.445748
0,3.453828,6.082763,0.567806
0,1.504174,4.690416,0.320691
0,0.344669,2.828427,0.121859
0,0.619268,2.449490,0.252815
0,0.466528,3.605551,0.129392
0,3.896791,8.366600,0.465756
0,2.515864,7.000000,0.359409
0,1.340801,3.162278,0.423998
0,1.560467,5.196152,0.300312
0,4.559179,0.000000,inf
0,1.839959,7.280110,0.252738
0,1.246804,4.582576,0.272075
0,1.102111,5.099020,0.216142
0,1.683939,6.480741,0.259837
0,1.129849,0.000000,inf
0,2.278845,6.403124,0.355896
0,1.984652,4.000000,0.496163
0,2.028055,5.196152,0.390299
0,1.615282,5.196152,0.310861
0,1.773168,7.000000,0.253310
0,1.897308,7.071068,0.268320
0,0.619268,2.449490,0.252815
0,1.820364,6.000000,0.303394
0,0.929777,5.099020,0.182344
0,0.757442,4.358899,0.173769
0,1.271166,6.000000,0.211861
0,1.562080,5.385165,0.290071
0,5.773246,13.638182,0.423315
0,5.317057,10.295630,0.516438
0,1.545765,5.830952,0.265097
0,3.011086,11.090537,0.271500
0,1.204376,3.741657,0.321883
0,0.913462,4.582576,0.199334
0,0.926497,3.464102,0.267457
0,0.926497,3.464102,0.267457
0,1.570060,6.164414,0.254697
0,3.916154,3.464102,1.130496
0,3.507380,3.464102,1.012493
0,4.112701,11.532563,0.356616
0,2.009014,5.000000,0.401803
0,1.803431,5.000000,0.360686
0,2.790643,11.575837,0.241075
0,1.927657,7.071068,0.272612
0,1.271166,5.830952,0.218003
0,4.389728,14.456832,0.303644
0,1.789483,6.782330,0.263845
0,2.421787,6.708204,0.361019
0,1.599520,8.062258,0.198396
0,3.069939,7.549834,0.406623
0,2.552685,11.180340,0.228319
0,3.033008,7.549834,0.401732
0,2.269047,7.348469,0.308778
0,2.303207,7.615773,0.302426
0,2.723383,11.224972,0.242618
0,0.638863,5.000000,0.127773
0,0.585107,2.449490,0.238869
0,0.933056,6.324555,0.147529
0,2.480135,8.246211,0.300760
0,0.344669,2.828427,0.121859
0,3.616406,15.297059,0.236412
0,1.942517,5.385165,0.360716
0,1.803431,4.582576,0.393541
0,1.402933,4.242641,0.330674
0,0.791603,2.449490,0.323170
0,3.010578,5.099020,0.590423
0,1.355002,3.741657,0.362139
0,1.082517,4.123106,0.262549
0,0.926497,3.464102,0.267457
0,2.394005,6.164414,0.388359
0,5.665515,0.000000,inf
0,1.844580,7.874008,0.234262
0,1.739007,7.000000,0.248430
0,1.651309,5.099020,0.323848
0,0.568793,2.236068,0.254372
0,3.197986,9.380832,0.340907
0,0.706966,3.316625,0.213158
0,1.565360,6.403124,0.244468
0,2.267298,3.741657,0.605961
0,1.340182,3.741657,0.358179
0,0.294194,2.236068,0.131567
0,4.643419,13.928388,0.333378
0,3.268244,9.110434,0.358736
0,3.855345,12.206556,0.315842
0,4.001898,8.660254,0.462099
0,0.635583,7.000000,0.090798
0,2.062198,0.000000,inf
0,2.704655,8.774964,0.308224
0,1.832919,8.774964,0.208880
0,1.292074,5.385165,0.239932
0,1.812317,4.472136,0.405246
0,2.927175,5.385165,0.543563
0,2.754841,9.433981,0.292013
0,1.001160,5.477226,0.182786
0,2.630801,6.082763,0.432501
0,2.550205,12.083046,0.211056
0,4.112245,9.899495,0.415399
0,1.909593,4.123106,0.463144
0,2.738854,14.456832,0.189451
0,3.265472,7.348469,0.444374
0,4.023532,9.899495,0.406438
0,2.680983,7.874008,0.340485
0,2.595652,7.681146,0.337925
0,1.670904,8.062258,0.207250
0,1.864146,8.831761,0.211073
0,1.927657,7.874008,0.244813
0,4.484556,12.529964,0.357906
0,0.690651,3.162278,0.218403
0,1.151786,5.099020,0.225884
0,2.733826,7.141428,0.382812
0,0.791603,3.162278,0.250327
0,3.472358,11.704700,0.296664
0,1.051636,5.196152,0.202387
0,2.376044,7.549834,0.314715
0,3.644983,8.246211,0.442019
0,3.225999,13.928388,0.231613
0,2.794003,12.409674,0.225147
0,1.941605,6.403124,0.303228
0,0.811197,5.385165,0.150636
0,1.823644,7.348469,0.248166
0,2.425066,9.433981,0.257057
0,0.466528,3.000000,0.155509
0,0.585107,2.449490,0.238869
0,2.904630,10.723805,0.270858
0,1.082517,3.605551,0.300236
0,2.521250,12.041595,0.209378
0,2.263883,11.874342,0.190653
0,1.761803,8.831761,0.199485
0,1.731577,5.385165,0.321546
0,0.635583,3.000000,0.211861
0,2.023944,7.874008,0.257041
0,1.357116,3.316625,0.409186
0,3.832657,12.124356,0.316112
0,1.529450,3.316625,0.461147
0,2.543939,7.071068,0.359767
0,1.275759,5.099020,0.250197
0,2.114558,7.810250,0.270741
0,2.902881,9.000000,0.322542
0,2.728432,9.486833,0.287602
0,2.893511,7.874008,0.367476
0,1.739917,7.071068,0.246061
0,2.084586,10.862780,0.191902
0,1.524954,7.874008,0.193669
0,1.529450,5.000000,0.305890
0,0.706966,3.316625,0.213158
0,1.248157,7.211103,0.173088
0,1.495290,4.582576,0.326299
0,1.426385,6.000000,0.237731
0,4.258293,0.000000,inf
0,3.822824,15.652476,0.244231
0,1.569952,7.280110,0.215650
0,1.498569,6.708204,0.223393
0,2.844398,11.445523,0.248516
0,1.620428,7.071068,0.229163
0,3.497026,16.000000,0.218564
0,0.760722,5.830952,0.130463
0,0.876934,2.236068,0.392177
0,0.294194,2.236068,0.131567
0,2.099992,9.486833,0.221359
0,0.635583,3.000000,0.211861
0,0.963937,4.242641,0.227202
0,0.416052,3.162278,0.131567
0,4.609258,7.874008,0.585376
0,1.562080,5.385165,0.290071
0,1.545765,5.099020,0.303149
0,1.511605,5.099020,0.296450
0,0.879301,4.582576,0.191879
0,2.322802,11.357817,0.204511
0,0.344669,2.828427,0.121859
0,2.618308,10.392305,0.251947
0,2.099992,9.899495,0.212131
0,0.807918,3.316625,0.243596
0,3.359436,13.674794,0.245666
0,0.963937,5.099020,0.189044
0,1.082517,4.123106,0.262549
0,0.466528,3.605551,0.129392
0,2.164415,8.124038,0.266421
0,1.271166,4.472136,0.284241
0,2.636719,11.357817,0.232150
0,1.709219,4.358899,0.392122
0,1.373431,3.162278,0.434317
0,2.384763,3.162278,0.754128
0,0.926497,2.828427,0.327566
0,0.879301,4.358899,0.201725
0,1.651309,5.099020,0.323848
0,3.060649,10.862780,0.281756
0,1.340801,3.741657,0.358344
0,2.491857,9.433981,0.264136
0,3.237176,14.966630,0.216293
0,1.376710,5.830952,0.236104
0,1.049268,3.000000,0.349756
0,1.628111,6.782330,0.240052
0,2.847657,11.180340,0.254702
0,1.890434,6.782330,0.278729
0,1.988285,10.295630,0.193119
0,2.840120,6.403124,0.443552
0,5.609501,20.124612,0.278738
0,0.913462,4.582576,0.199334
0,1.238536,3.741657,0.331013
0,0.741127,3.316625,0.223458
0,2.351582,13.190906,0.178273
0,1.051636,4.582576,0.229486
0,1.676236,7.280110,0.230249
0,1.204376,4.472136,0.269307
0,1.847831,7.810250,0.236591
0,0.689338,4.472136,0.154141
0,1.711406,10.049876,0.170291
0,2.153747,10.630146,0.202607
0,1.464408,6.708204,0.218301
0,1.859553,10.198039,0.182344
0,2.256011,10.723805,0.210374
0,1.139474,6.403124,0.177956
0,1.495290,5.000000,0.299058
0,2.244685,7.000000,0.320669
0,2.098243,7.071068,0.296736
0,2.270577,6.000000,0.378430
0,1.634994,3.316625,0.492969
0,2.819157,6.000000,0.469859
0,2.197240,6.708204,0.327545
0,3.147924,12.247449,0.257027
0,2.187907,12.206556,0.179240
0,1.529450,5.385165,0.284012
0,1.258131,7.280110,0.172818
0,2.390645,11.575837,0.206520
0,1.048356,4.123106,0.254264
0,1.822253,8.544004,0.213279
0,1.088998,6.164414,0.176659
0,0.913462,4.123106,0.221547
0,1.389746,5.196152,0.267457
0,1.342550,5.656854,0.237331
0,0.537911,4.123106,0.130463
0,1.001160,5.477226,0.182786
0,3.672537,15.937377,0.230435
0,2.817033,8.185353,0.344155
0,1.188061,5.385165,0.220617
0,1.276052,3.741657,0.341039
0,1.102111,6.480741,0.170059
0,0.294194,2.236068,0.131567
0,1.292074,5.000000,0.258415
0,1.427186,5.000000,0.285437
0,1.856274,6.782330,0.273693
0,1.238536,4.898979,0.252815
0,1.207655,6.782330,0.178059
0,1.930937,9.273618,0.208218
0,1.600834,5.196152,0.308081
0,3.130720,13.564660,0.230800
0,0.879301,4.582576,0.191879
0,1.480864,5.385165,0.274989
0,2.732295,9.949874,0.274606
0,1.995978,8.124038,0.245688
0,1.204376,4.472136,0.269307
0,1.393025,6.708204,0.207660
0,1.917100,12.083046,0.158660
0,1.930937,9.695360,0.199161
0,1.691811,8.485281,0.199382
0,0.811197,5.000000,0.162239
0,1.513135,4.242641,0.356649
0,0.879301,4.582576,0.191879
0,1.404448,4.242641,0.331031
0,2.099992,8.124038,0.258491
0,2.924029,6.708204,0.435888
0,3.195458,14.696938,0.217423
0,1.188061,4.582576,0.259256
0,0.588387,4.000000,0.147097
0,1.342550,5.477226,0.245115
0,1.443700,7.280110,0.198307
0,0.568793,2.236068,0.254372
0,1.373431,3.741657,0.367065
0,0.757442,3.741657,0.202435
0,0.910182,3.000000,0.303394
0,1.880461,11.357817,0.165565
0,6.200982,13.379088,0.463483
0,1.204376,4.472136,0.269307
0,0.619268,2.449490,0.252815
0,1.685470,6.164414,0.273419
0,1.898811,0.000000,inf
0,1.001160,5.477226,0.182786
0,0.807918,3.316625,0.243596
0,0.929777,4.242641,0.219150
0,2.732295,0.000000,inf
0,0.980252,4.582576,0.213909
0,1.889056,10.295630,0.183481
0,1.187442,4.123106,0.287997
0,0.967139,5.916080,0.163476
0,0.807918,3.316625,0.243596
0,4.019928,5.477226,0.733935
0,1.376710,5.477226,0.251352
0,0.908068,4.242641,0.214034
0,1.718100,6.480741,0.265109
0,1.326235,5.000000,0.265247
0,2.878559,13.453624,0.213962
0,1.651309,5.099020,0.323848
0,2.311080,7.348469,0.314498
0,1.101310,6.082763,0.181054
0,1.495290,4.582576,0.326299
0,3.146892,5.000000,0.629378
0,0.963136,5.196152,0.185356
0,2.968560,11.575837,0.256444
0,3.314648,16.763055,0.197735
0,2.165033,7.071068,0.306182
0,3.074597,7.280110,0.422328
0,0.807918,4.358899,0.185349
0,1.895027,6.782330,0.279406
0,1.389746,5.196152,0.267457
0,4.912687,0.000000,inf
0,1.875917,5.099020,0.367898
0,2.882491,6.324555,0.455762
0,1.557929,6.708204,0.232242
0,1.102111,6.480741,0.170059
0,1.620428,7.071068,0.229163
0,2.155060,5.916080,0.364272
0,0.568793,2.236068,0.254372
0,0.913462,4.582576,0.199334
0,1.996178,9.539392,0.209256
0,2.223260,6.480741,0.343057
0,1.742287,8.306624,0.209747
0,1.254851,5.385165,0.233020
0,0.294194,2.236068,0.131567
0,0.466528,3.605551,0.129392
0,0.588387,4.242641,0.138684
0,1.565360,7.810250,0.200424
0,1.342550,5.099020,0.263296
0,0.588387,4.000000,0.147097
0,0.791603,3.741657,0.211565
0,1.082517,3.000000,0.360839
0,3.033008,9.219544,0.328976
0,1.183832,3.000000,0.394611
0,0.757442,3.162278,0.239524
0,1.909963,10.440307,0.182941
0,3.723699,13.416408,0.277548
0,0.781629,6.082763,0.128499
0,1.667624,6.403124,0.260439
0,2.724774,10.099505,0.269793
0,2.769735,10.816654,0.256062
0,1.718100,6.164414,0.278713
0,1.995978,8.124038,0.245688
0,1.170215,10.099505,0.115869
0,0.537911,4.123106,0.130463
0,0.879301,4.123106,0.213262
0,2.166853,8.602325,0.251892
0,3.544922,14.071247,0.251927
0,2.184628,7.681146,0.284414
0,5.344821,9.433981,0.566550
0,3.210697,12.247449,0.262152
0,3.392855,13.000000,0.260989
0,2.799875,11.445523,0.244626
0,2.689531,7.681146,0.350147
0,0.344669,2.828427,0.121859
0,2.339138,5.916080,0.395386
0,1.266508,5.477226,0.231232
0,1.389746,3.316625,0.419024
0,1.342550,5.656854,0.237331
0,1.305526,4.123106,0.316637
0,1.221603,4.123106,0.296282
0,1.048356,3.000000,0.349452
0,1.271166,6.000000,0.211861
0,2.430144,7.211103,0.337000
0,3.214465,6.000000,0.535744
0,1.502102,7.348469,0.204410
0,1.381331,7.810250,0.176861
0,1.812317,0.000000,inf
0,1.420146,7.000000,0.202878
0,2.800064,6.633250,0.422125
0,3.889927,7.280110,0.534323
0,2.238546,7.280110,0.307488
0,0.832105,6.324555,0.131567
0,0.757442,3.162278,0.239524
0,0.585107,2.449490,0.238869
0,0.757442,3.162278,0.239524
0,0.537911,4.123106,0.130463
0,0.980252,4.582576,0.213909
0,0.344669,2.828427,0.121859
0,1.207655,7.348469,0.164341
0,1.271166,4.472136,0.284241
0,2.430571,0.000000,inf
0,0.585107,2.449490,0.238869
0,0.757442,3.741657,0.202435
0,0.791603,5.099020,0.155246
0,0.980252,5.744563,0.170640
0,1.376710,5.830952,0.236104
0,0.791603,3.162278,0.250327
0,1.511605,5.099020,0.296450
0,1.467869,6.082763,0.241316
0,2.174731,6.082763,0.357524
0,2.197663,4.000000,0.549416
0,2.041220,0.000000,inf
0,1.405654,0.000000,inf
0,2.316240,8.544004,0.271095
0,1.204376,3.741657,0.321883
0,0.344669,2.828427,0.121859
4,0.585107,2.449490,0.238869
5,0.172335,1.414214,0.121859
7,0.832105,5.830952,0.142705
8,0.121859,1.000000,0.121859
9,0.121859,1.000000,0.121859
10,0.416052,2.828427,0.147097
11,0.121859,1.000000,0.121859
13,0.243718,2.000000,0.121859
17,0.121859,1.000000,0.121859
19,0.121859,1.000000,0.121859
21,0.243718,2.000000,0.121859
23,0.172335,1.414214,0.121859
25,0.121859,1.000000,0.121859
28,0.588387,4.000000,0.147097
31,0.121859,1.000000,0.121859
34,0.121859,1.000000,0.121859
37,0.121859,1.000000,0.121859
43,0.121859,1.000000,0.121859
45,0.466528,3.605551,0.129392
48,0.121859,1.000000,0.121859
49,0.781629,6.082763,0.128499
50,0.243718,2.000000,0.121859
51,2.372223,6.480741,0.366042
54,0.121859,1.000000,0.121859
56,0.121859,1.000000,0.121859
58,0.121859,1.000000,0.121859
60,0.121859,1.000000,0.121859
60,5.067780,19.235384,0.263461
60,3.084837,8.774964,0.351550
61,0.172335,1.414214,0.121859
62,0.416052,3.162278,0.131567
63,0.910182,3.000000,0.303394
66,0.121859,1.000000,0.121859
67,0.344669,2.828427,0.121859
68,0.463249,1.732051,0.267457
70,0.121859,1.000000,0.121859
73,0.828825,4.242641,0.195356
74,0.294194,2.236068,0.131567
76,4.544217,7.348469,0.618390
76,1.839959,4.582576,0.401512
76,1.583900,4.242641,0.373329
76,1.478975,4.242641,0.348598
77,0.121859,1.000000,0.121859
78,0.121859,1.000000,0.121859
79,0.294194,2.236068,0.131567
81,0.446934,1.414214,0.316030
83,0.121859,1.000000,0.121859
85,0.121859,1.000000,0.121859
86,0.121859,1.000000,0.121859
93,0.430000,1.000000,0.430000
95,1.188061,4.123106,0.288147
96,0.121859,1.000000,0.121859
97,0.430000,1.000000,0.430000
98,0.172335,1.414214,0.121859
102,0.121859,1.000000,0.121859
104,0.243718,2.000000,0.121859
105,0.121859,1.000000,0.121859
108,0.466528,3.605551,0.129392
109,0.121859,1.000000,0.121859
113,0.172335,1.414214,0.121859
113,0.243718,2.000000,0.121859
113,0.243718,2.000000,0.121859
117,0.243718,2.000000,0.121859
