enclosingFolder3,enclosingFolder2,enclosingFolder1,filename,xVoxel,yVoxel,zVoxel,xPixels,yPixels,zPixels,voxelVolume,genotype,sex,myCellNumber,nMask,vMask,nEroded,vEroded,nRing,vRing,nBranches,nInNoMask,nInMask,nInEroded,nInRing,lenTotal,lenInMask,lenInEroded,lenInRing,dInMask,dInEroded,dInRing,path
200108,WT_Female,Cell_1,1_5ADVMLEG1L1_ch2.tif,0.20925273754893897,0.20925273754893897,0.4299999999998363,500,176,23,0.01882828451383464,wt,female,0,188307,3545.497771946659,50898,958.3220251851554,137409,2587.175746761504,709,3,706,300,243,1395.396817403241,1383.0620851735516,543.0376947013616,481.8062909941446,0.39008967827222185,1.4432122489372328,0.5345837393941246,/Users/cudmore/Desktop/samiVolume/200108/WT_Female/Cell_1/1_5ADVMLEG1L1_ch2.tif
200108,WT_Female,Cell_7,7_5ADVMLEG1L1_ch2.tif,0.0898742703894387,0.0898742703894387,0.43000000000006366,495,217,27,0.0034732753255551072,wt,female,1,499935,1736.4118998813926,136144,472.8655959223745,363791,1263.546303959018,1392,391,1001,226,578,2013.2045192998314,1438.5311390207805,285.4177717373914,762.4080925134941,0.8284504034549872,3.0421564846873093,1.1384870776112357,/Users/cudmore/Desktop/samiVolume/200108/WT_Female/Cell_7/7_5ADVMLEG1L1_ch2.tif
200108,WT_Female,Cell_8,8_5ADVMLEG1L1_ch2.tif,0.0898742703894387,0.0898742703894387,0.43000000000006366,509,319,35,0.0034732753255551072,wt,female,2,346701,1204.1880286452813,0,0.0,346701,1204.1880286452813,1950,1949,1,0,1,2498.087334067024,3.6671532164733303,0,3.6671532164733303,0.0030453327298054105,0,0.0030453327298054105,/Users/cudmore/Desktop/samiVolume/200108/WT_Female/Cell_8/8_5ADVMLEG1L1_ch2.tif
200421,WT Female,Cell 1,Female WT cell 1_3ADVMLEG1L1_ch2.tif,0.19919251338922278,0.19919251338922278,0.43000000000006366,509,234,24,0.017061392677838277,wt,female,3,151011,2576.457969673036,31163,531.6841800194742,119848,2044.7737896535618,512,16,496,185,209,934.1289251003237,908.9452674497053,326.87400448972045,362.5883342669027,0.35278870377421856,1.7095586094294042,0.44452118471437585,/Users/cudmore/Desktop/samiVolume/200421/WT Female/Cell 1/Female WT cell 1_3ADVMLEG1L1_ch2.tif
200421,WT Female,Cell 10,Female WT cell 10_3ADVMLEG1L1_ch2.tif,0.2301779920376829,0.2301779920376829,0.43000000000006366,491,188,29,0.022782220447958208,wt,female,4,200239,4561.889040278704,76081,1733.2941139011084,124158,2828.594926377595,637,0,637,471,77,1299.543502597976,1299.543502597976,927.6258895455203,161.71179448743496,0.2848695992216816,0.7497536004856705,0.4594307549940423,/Users/cudmore/Desktop/samiVolume/200421/WT Female/Cell 10/Female WT cell 10_3ADVMLEG1L1_ch2.tif
200421,WT Female,Cell 11,Female WT cell 11_3ADVMLEG1L1_ch2.tif,0.2071602023706585,0.2071602023706585,0.43000000000006366,512,147,27,0.01845360026189117,wt,female,5,156866,2894.74245868182,42978,793.0988320555587,113888,2101.6436266262613,592,4,588,256,216,1112.3589701361773,1101.5056339047187,478.7009521690851,400.05519202241516,0.38051938976509564,1.3888630135160196,0.5241162773504803,/Users/cudmore/Desktop/samiVolume/200421/WT Female/Cell 11/Female WT cell 11_3ADVMLEG1L1_ch2.tif
200421,WT Female,Cell 12,Female WT cell 12_3ADVMLEG1L1_ch2.tif,0.19729543472174735,0.19729543472174735,0.43000000000006366,510,281,26,0.01673796008168108,wt,female,6,331562,5549.671520602343,125579,2101.9362890974285,205983,3447.7352315049143,1270,0,1270,980,145,2408.5835491576654,2408.5835491576654,1853.2443322004108,257.9715509697934,0.4340047046417345,1.1458879898742846,0.6985987575694246,/Users/cudmore/Desktop/samiVolume/200421/WT Female/Cell 12/Female WT cell 12_3ADVMLEG1L1_ch2.tif
200421,WT Female,Cell 13,Female WT cell 13_3ADVMLEG1L1_ch2.tif,0.138106801580439,0.138106801580439,0.43000000000006366,506,280,29,0.008201600116396077,wt,female,7,375005,3075.6410516491105,109516,898.2064383472327,265489,2177.434613301878,1377,4,1373,422,600,2215.2008549587754,2203.7475489398767,581.561297700822,959.1140841577039,0.7165164958889666,2.453497831740037,1.0120843746476949,/Users/cudmore/Desktop/samiVolume/200421/WT Female/Cell 13/Female WT cell 13_3ADVMLEG1L1_ch2.tif
200421,WT Female,Cell 14,Female WT cell 14_3ADVMLEG1L1_ch2.tif,0.18832746379404508,0.18832746379404508,0.4299999999998363,474,253,24,0.015250910456206059,wt,female,8,300305,4579.92466455096,111721,1703.846967077797,188584,2876.0776974731634,1068,0,1068,472,323,2195.735059157658,2195.735059157658,919.9396514998708,613.060881160129,0.4794260211642453,1.2886926476287242,0.7634477542407028,/Users/cudmore/Desktop/samiVolume/200421/WT Female/Cell 14/Female WT cell 14_3ADVMLEG1L1_ch2.tif
200421,WT Female,Cell 15,Female WT cell 15_3ADVMLEG1L1_ch2.tif,0.23675453100821445,0.23675453100821445,0.43000000000006366,512,175,25,0.024102664419758984,wt,female,9,203185,4897.299870128729,77777,1874.6329305755944,125408,3022.666939553135,817,2,815,571,112,1695.653948382579,1687.7202439147572,1177.9074740593812,206.5052825481035,0.3446226060627965,0.900293714245462,0.5583546840143315,/Users/cudmore/Desktop/samiVolume/200421/WT Female/Cell 15/Female WT cell 15_3ADVMLEG1L1_ch2.tif
200421,WT Female,Cell 16,Female WT cell 16_3ADVMLEG1L1_ch2.tif,0.2071602023706585,0.2071602023706585,0.43000000000006366,461,148,28,0.01845360026189117,wt,female,10,208043,3839.1423592846245,77175,1424.156600211451,130868,2414.9857590731735,585,1,584,416,69,1166.6735418673738,1166.1962418051003,793.2174103526211,127.24476297247874,0.30376478199219636,0.8188679823777454,0.48289984213102133,/Users/cudmore/Desktop/samiVolume/200421/WT Female/Cell 16/Female WT cell 16_3ADVMLEG1L1_ch2.tif
200421,WT Female,Cell 17,Female WT cell 17_3ADVMLEG1L1_ch2.tif,0.13365174525121984,0.13365174525121984,0.43000000000006366,511,349,19,0.007680999273740832,wt,female,11,255191,1960.1218856651967,51490,395.4946526049154,203701,1564.6272330602812,854,5,849,241,416,1399.90721196982,1385.9787968535636,361.90784567293707,693.8231508879586,0.7070880678337056,3.504418549593148,0.8858204481988364,/Users/cudmore/Desktop/samiVolume/200421/WT Female/Cell 17/Female WT cell 17_3ADVMLEG1L1_ch2.tif
200421,WT Female,Cell 18,Female WT cell 18_3ADVMLEG1L1_ch2.tif,0.12867093348060152,0.12867093348060152,0.43000000000006366,499,198,22,0.007119169922791888,wt,female,12,238115,1695.1811461655905,64470,458.972884922393,173645,1236.2082612431973,971,6,965,317,445,1463.467075344931,1449.8488683590663,453.87846658113494,646.4467031617902,0.8552766597472767,3.158898741053557,1.1728192682526006,/Users/cudmore/Desktop/samiVolume/200421/WT Female/Cell 18/Female WT cell 18_3ADVMLEG1L1_ch2.tif
200421,WT Female,Cell 19,Female WT cell 19_3ADVMLEG1L1_ch2.tif,0.1801393161443197,0.1801393161443197,0.43000000000006366,474,184,31,0.013953574485007622,wt,female,13,182458,2545.9412933855206,48436,675.8553337558292,134022,1870.0859596296916,941,0,941,237,515,1792.0037995167697,1792.0037995167697,413.74620413983064,945.7702582061647,0.7038668975488488,2.6514606159255067,0.958246753465609,/Users/cudmore/Desktop/samiVolume/200421/WT Female/Cell 19/Female WT cell 19_3ADVMLEG1L1_ch2.tif
200421,WT Female,Cell 2,Female WT cell 2_3ADVMLEG1L1_ch2.tif,0.0898742703894387,0.0898742703894387,0.43000000000006366,507,338,19,0.0034732753255551072,wt,female,14,148620,516.1981788840001,4720,16.393859536620106,143900,499.80431934737993,652,70,582,12,557,741.7708646449265,654.7445342696153,12.23066366366129,626.7656253483004,1.2683976059062179,39.93840088766571,1.3100017525349696,/Users/cudmore/Desktop/samiVolume/200421/WT Female/Cell 2/Female WT cell 2_3ADVMLEG1L1_ch2.tif
200421,WT Female,Cell 20,Female WT cell 20_3ADVMLEG1L1_ch2.tif,0.1534519946917886,0.1534519946917886,0.4299999999998363,493,245,26,0.010125431310198293,wt,female,15,251105,2542.546429147342,77431,784.0222717799641,173674,1758.5241573673784,962,5,957,389,332,1764.8698888294603,1749.2644624119328,639.2743101963403,630.8497725173095,0.687997057736546,2.2311412894439613,0.9947343942267429,/Users/cudmore/Desktop/samiVolume/200421/WT Female/Cell 20/Female WT cell 20_3ADVMLEG1L1_ch2.tif
200421,WT Female,Cell 3,Female WT cell 3_3ADVMLEG1L1_ch2.tif,0.12185894851081663,0.12185894851081663,0.4299999999998363,505,329,21,0.0063853294328271686,wt,female,16,342053,2184.1210884868315,16266,103.86376855436673,325787,2080.2573199324647,1563,32,1531,52,1297,2066.708457692243,2025.5088371159875,62.51950775800228,1680.9591702610899,0.9273793691169699,19.50159199216568,0.9736818698860511,/Users/cudmore/Desktop/samiVolume/200421/WT Female/Cell 3/Female WT cell 3_3ADVMLEG1L1_ch2.tif
200421,WT Female,Cell 4,Female WT cell 4_3ADVMLEG1L1_ch2.tif,0.15874346294419595,0.15874346294419595,0.4299999999998363,477,191,12,0.010835779421827457,wt,female,17,153246,1660.5398532773704,1049,11.366732613497001,152197,1649.1731206638735,585,9,576,7,558,922.825209727568,905.3352710364894,7.923111360065375,885.7550332646548,0.545205385615798,79.6478022155182,0.5489631498917756,/Users/cudmore/Desktop/samiVolume/200421/WT Female/Cell 4/Female WT cell 4_3ADVMLEG1L1_ch2.tif
200421,WT Female,Cell 5,Female WT cell 5_3ADVMLEG1L1_ch2.tif,0.18832746379404508,0.18832746379404508,0.43000000000006366,502,241,15,0.015250910456214123,wt,female,18,90531,1380.6801745115208,0,0.0,90531,1380.6801745115208,473,8,465,0,465,837.8333160148867,820.1006958740479,0,820.1006958740479,0.5939831041350299,0,0.5939831041350299,/Users/cudmore/Desktop/samiVolume/200421/WT Female/Cell 5/Female WT cell 5_3ADVMLEG1L1_ch2.tif
200421,WT Female,Cell 6,Female WT cell 6_3ADVMLEG1L1_ch2.tif,0.25895029319646945,0.25895029319646945,0.43000000000006366,510,93,14,0.028833759369015388,wt,female,19,92339,2662.480506375512,5895,169.9750114803457,86444,2492.505494895166,470,3,467,36,318,965.531305638711,958.9613021149905,71.8370818646862,667.6105318240556,0.36017589605583394,5.641778128227252,0.38473788887487453,/Users/cudmore/Desktop/samiVolume/200421/WT Female/Cell 6/Female WT cell 6_3ADVMLEG1L1_ch2.tif
200421,WT Female,Cell 7,Female WT cell 7_3ADVMLEG1L1_ch2.tif,0.16572817562943976,0.16572817562943976,0.43000000000006366,511,296,31,0.011810306124910594,wt,female,20,363477,4292.774639364128,127154,1501.7276650068816,236323,2791.046974357246,1239,4,1235,517,457,2127.68983687436,2121.4641512803787,911.4865445511466,722.8837255652091,0.4941941586746382,1.412682339624247,0.760096182820045,/Users/cudmore/Desktop/samiVolume/200421/WT Female/Cell 7/Female WT cell 7_3ADVMLEG1L1_ch2.tif
200421,WT Female,Cell 8,Female WT cell 8_3ADVMLEG1L1_ch2.tif,0.1801393161443197,0.1801393161443197,0.43000000000006366,475,403,29,0.013953574485007622,wt,female,21,214066,2986.9858757076418,63898,891.605502443017,150168,2095.3803732646247,703,10,693,350,185,1325.371777573183,1304.292358084042,639.6444756479893,332.48952392922905,0.43665836142430514,1.4628581300925743,0.622460902433643,/Users/cudmore/Desktop/samiVolume/200421/WT Female/Cell 8/Female WT cell 8_3ADVMLEG1L1_ch2.tif
200421,WT Female,Cell 9,Female WT cell 9_3ADVMLEG1L1_ch2.tif,0.24371792672084353,0.24371792672084353,0.43000000000006366,430,188,25,0.025541323956199555,wt,female,22,154948,3957.5770643652086,58633,1497.5644475238485,96315,2460.0126168413603,486,3,483,366,48,1044.815141175425,1028.018006520314,754.9075417366063,101.53249168446389,0.25975944114311444,0.6864599438241825,0.4178913553054383,/Users/cudmore/Desktop/samiVolume/200421/WT Female/Cell 9/Female WT cell 9_3ADVMLEG1L1_ch2.tif
191230,WT_Male,Cell_4_,4_1_5ADVMLEG1L1_ch2.tif,0.12185894851081663,0.12185894851081663,0.43000000000006366,460,207,30,0.006385329432830545,wt,male,0,293661,1875.1222265744507,47562,303.6990384842864,246099,1571.4231880901643,601,1,600,55,470,829.1373881826321,827.5843170518046,72.72987971361063,643.4393421499839,0.441349531952202,2.725014610458256,0.5266463695610937,/Users/cudmore/Desktop/samiVolume/191230/WT_Male/Cell_4_/4_1_5ADVMLEG1L1_ch2.tif
191230,WT_Male,Cell_5,5_5ADVMLEG1L1_ch2.tif,0.138106801580439,0.138106801580439,0.43000000000006366,500,159,20,0.008201600116396077,wt,male,1,242652,1990.134671443741,36243,297.250593018543,206409,1692.8840784251977,332,4,328,24,259,518.6705335136907,508.39097950722055,23.01989024958699,392.6049217590833,0.2554555663001484,1.7103110690026657,0.30031056821099666,/Users/cudmore/Desktop/samiVolume/191230/WT_Male/Cell_5/5_5ADVMLEG1L1_ch2.tif
191230,WT_Male,Cell_6_,6_5ADVMLEG1L1_ch2.tif,0.0898742703894387,0.0898742703894387,0.4299999999998363,512,512,27,0.0034732753255532706,wt,male,2,396532,1377.2648113922894,27740,96.34865753084773,368792,1280.9161538614417,1045,179,866,37,774,1183.4497239957484,1005.6494288052777,33.844756319553845,885.3707284098826,0.7301786994678661,10.437607067678147,0.7851016834893161,/Users/cudmore/Desktop/samiVolume/191230/WT_Male/Cell_6_/6_5ADVMLEG1L1_ch2.tif
191230,WT_Male,Cell_7,7_5ADVMLEG1L1_ch2.tif,0.2071602023706585,0.2071602023706585,0.43000000000006366,459,228,29,0.01845360026189117,wt,male,3,197744,3649.0887301874072,39269,724.6544286842043,158475,2924.434301503203,364,1,363,81,185,656.7251608429848,653.7796070708129,117.14035566562615,336.0791501732951,0.17916243079055974,0.9021950066018601,0.22355763189303324,/Users/cudmore/Desktop/samiVolume/191230/WT_Male/Cell_7/7_5ADVMLEG1L1_ch2.tif
191230,WT_Male,Cell_8,8_5ADVMLEG1L1_ch2.tif,0.0898742703894387,0.0898742703894387,0.4299999999998363,486,338,21,0.0034732753255532706,wt,male,4,423086,1469.494164387031,43608,151.46259039672702,379478,1318.031573990304,696,8,688,37,592,824.6129960153584,812.7142797784373,30.2596939087579,696.4831885387107,0.5530571672038209,5.36577565225637,0.6166121478546736,/Users/cudmore/Desktop/samiVolume/191230/WT_Male/Cell_8/8_5ADVMLEG1L1_ch2.tif
191230,WT_Male,Cell_9,9_5ADVMLEG1L1_ch2.tif,0.138106801580439,0.138106801580439,0.43000000000006366,483,272,27,0.008201600116396077,wt,male,5,379369,3111.4328345570634,105239,863.1281946494067,274130,2248.3046399076566,535,0,535,149,267,823.4667644582188,823.4667644582188,188.27288245966372,388.47579357341755,0.2646583771027941,0.9540492009911714,0.3662612040386309,/Users/cudmore/Desktop/samiVolume/191230/WT_Male/Cell_9/9_5ADVMLEG1L1_ch2.tif
191230,WT_Male,Cell_10_,10_5ADVMLEG1L1_ch2.tif,0.20510910368552343,0.20510910368552343,0.4299999999998363,453,206,42,0.018089990098304996,wt,male,6,184073,3329.8787473652956,38736,700.7338564479423,145337,2629.144890917353,386,0,386,110,144,758.3921018057695,758.3921018057695,225.52985191505735,256.0258240438019,0.22775366893038765,1.0822826595679276,0.2884558034156701,/Users/cudmore/Desktop/samiVolume/191230/WT_Male/Cell_10_/10_5ADVMLEG1L1_ch2.tif
200414,WT Male,Cell 1,Male WT cell 1_3ADVMLEG1L1_ch2.tif,0.1801393161443197,0.1801393161443197,0.4299999999998363,455,172,27,0.013953574485000245,wt,male,7,184277,2571.32284537239,52997,739.497586981558,131280,1831.8252583908322,533,1,532,48,398,1068.404260952573,1059.886013948797,86.48262918667305,785.3621057568914,0.4121948419881517,1.433251483990615,0.5785955887953278,/Users/cudmore/Desktop/samiVolume/200414/WT Male/Cell 1/Male WT cell 1_3ADVMLEG1L1_ch2.tif
200414,WT Male,Cell 10,Male WT cell 10_3ADVMLEG1L1_ch2.tif,0.1251723310067135,0.1251723310067135,0.43000000000006366,512,221,25,0.006737288353352323,wt,male,8,499884,3367.8626512271726,189165,1274.4591513618923,310719,2093.4034998652805,1356,0,1356,680,375,2193.449922761643,2193.449922761643,1092.8113042699256,533.1600953066501,0.6512884134281425,1.7210829553993263,1.0477912752619363,/Users/cudmore/Desktop/samiVolume/200414/WT Male/Cell 10/Male WT cell 10_3ADVMLEG1L1_ch2.tif
200414,WT Male,Cell 12,Male WT cell 12_3ADVMLEG1L1_ch2.tif,0.10874550962604376,0.10874550962604376,0.43000000000006366,510,284,24,0.005085001921446782,wt,male,9,322594,1640.3911098472033,83848,426.3672411094698,238746,1214.0238687377334,1059,1,1058,221,599,1625.2168477253938,1624.9543128412076,290.2456141185681,903.4772002110367,0.9905895631149613,3.811161262325969,1.3384862972510863,/Users/cudmore/Desktop/samiVolume/200414/WT Male/Cell 12/Male WT cell 12_3ADVMLEG1L1_ch2.tif
200414,WT Male,Cell 13,Male WT cell 13_3ADVMLEG1L1_ch2.tif,0.1801393161443197,0.1801393161443197,0.43000000000006366,509,146,23,0.013953574485007622,wt,male,10,228823,3192.8987743828993,72978,1018.3039587668862,155845,2174.594815616013,789,0,789,442,146,1457.352089112146,1457.352089112146,813.1734839109878,233.30748558828205,0.45643541875010196,1.4311562638693112,0.6701717849443651,/Users/cudmore/Desktop/samiVolume/200414/WT Male/Cell 13/Male WT cell 13_3ADVMLEG1L1_ch2.tif
200414,WT Male,Cell 14,Male WT cell 14_3ADVMLEG1L1_ch2.tif,0.13365174525121984,0.13365174525121984,0.4299999999998363,512,280,33,0.00768099927373677,wt,male,11,394549,3030.530582453569,129398,993.9059440229906,265151,2036.6246384305784,1312,55,1257,423,583,2085.167443530958,1987.44580005624,628.8085133533641,937.1776018914721,0.6558078679566303,1.999631667370597,0.9758527725500583,/Users/cudmore/Desktop/samiVolume/200414/WT Male/Cell 14/Male WT cell 14_3ADVMLEG1L1_ch2.tif
200414,WT Male,Cell 15,Male WT cell 15_3ADVMLEG1L1_ch2.tif,0.14797156874278175,0.14797156874278175,0.4299999999998363,507,292,60,0.009415101617162322,wt,male,12,294962,2777.097203201433,94042,885.414986281179,200920,1891.6822169202537,1154,0,1154,668,248,1970.7870092269127,1970.7870092269127,1139.625268978235,400.8175750131459,0.7096571941936324,2.2258342582435744,1.0418171675977614,/Users/cudmore/Desktop/samiVolume/200414/WT Male/Cell 15/Male WT cell 15_3ADVMLEG1L1_ch2.tif
200414,WT Male,Cell 17,Male WT cell 17_3ADVMLEG1L1_ch2.tif,0.2071602023706585,0.2071602023706585,0.43000000000006366,507,161,23,0.01845360026189117,wt,male,13,183362,3383.6890512208884,57726,1065.2525287179296,125636,2318.4365225029587,746,0,746,560,71,1475.2638266759045,1475.2638266759045,1090.411621922946,159.69686961109457,0.43599272992995797,1.3848958691996145,0.6363184035261944,/Users/cudmore/Desktop/samiVolume/200414/WT Male/Cell 17/Male WT cell 17_3ADVMLEG1L1_ch2.tif
200414,WT Male,Cell 18,Male WT cell 18_3ADVMLEG1L1_ch2.tif,0.18832746379404508,0.18832746379404508,0.43000000000006366,490,255,50,0.015250910456214123,wt,male,14,174999,2668.8940789270155,39737,606.0254287985806,135262,2062.8686501284346,557,3,554,181,187,1087.3829419362794,1079.0873394834073,351.5422380946686,324.2799139022638,0.40432003203260747,1.780597460444278,0.5231003628933054,/Users/cudmore/Desktop/samiVolume/200414/WT Male/Cell 18/Male WT cell 18_3ADVMLEG1L1_ch2.tif
200414,WT Male,Cell 19,Male WTcell 19_3ADVMLEG1L1_ch2.tif,0.09635358528318463,0.09635358528318463,0.43000000000006366,507,348,28,0.003992125760677883,wt,male,15,409581,1635.0988611842079,96095,383.62332497234115,313486,1251.4755362118667,1311,1,1310,325,657,1874.4372369422645,1871.1911994638067,425.13091507899577,909.3230106824581,1.144390253020304,4.877678383082461,1.4951879963453205,/Users/cudmore/Desktop/samiVolume/200414/WT Male/Cell 19/Male WTcell 19_3ADVMLEG1L1_ch2.tif
200414,WT Male,Cell 2,Male WT cell 2_3ADVMLEG1L1_ch2.tif,0.17263351389647996,0.17263351389647996,0.43000000000006366,507,255,25,0.012815001951707738,wt,male,16,283031,3627.042817393793,84208,1079.1256843494052,198823,2547.917133044388,900,62,838,374,235,1702.287260132319,1583.3897079753876,677.0044114799334,417.43062655604535,0.43655114860572014,1.4672894278575146,0.6214447430177875,/Users/cudmore/Desktop/samiVolume/200414/WT Male/Cell 2/Male WT cell 2_3ADVMLEG1L1_ch2.tif
200414,WT Male,Cell 20,Male WTcell 20_3ADVMLEG1L1_ch2.tif,0.1534519946917886,0.1534519946917886,0.43000000000006366,508,256,32,0.010125431310203648,wt,male,17,182878,1851.7186271474227,36000,364.51552716733136,146878,1487.2030999800913,692,2,690,127,371,1173.6217137584104,1171.199315343573,205.97083248947553,616.98169597799,0.6324931326892836,3.213029975554189,0.7875180702348263,/Users/cudmore/Desktop/samiVolume/200414/WT Male/Cell 20/Male WTcell 20_3ADVMLEG1L1_ch2.tif
200414,WT Male,Cell 21,Male WTcell 21_3ADVMLEG1L1_ch2.tif,0.19729543472174735,0.19729543472174735,0.43000000000006366,507,205,28,0.01673796008168108,wt,male,18,165894,2776.727149790401,51534,862.5740348493529,114360,1914.1531149410484,487,1,486,239,120,975.431289253505,970.9277760438498,481.99037790241795,215.735267657288,0.3496662522701013,1.125616743394578,0.5072362124352587,/Users/cudmore/Desktop/samiVolume/200414/WT Male/Cell 21/Male WTcell 21_3ADVMLEG1L1_ch2.tif
200414,WT Male,Cell 22,Male WTcell 22_3ADVMLEG1L1_ch2.tif,0.18832746379404508,0.18832746379404508,0.43000000000006366,502,236,25,0.015250910456214123,wt,male,19,180054,2745.9874312831776,40106,611.6530147569237,139948,2134.3344165262542,663,2,661,161,312,1319.8052917373227,1315.1793715302226,301.50175184708826,605.3350526185948,0.4789458817426743,2.1502050015283363,0.616201173230739,/Users/cudmore/Desktop/samiVolume/200414/WT Male/Cell 22/Male WTcell 22_3ADVMLEG1L1_ch2.tif
200414,WT Male,Cell 23,Male WTcell 23_3ADVMLEG1L1_ch2.tif,0.18832746379404508,0.18832746379404508,0.43000000000006366,509,265,32,0.015250910456214123,wt,male,20,255619,3898.422479906998,81034,1235.8422779088553,174585,2662.580201998143,862,1,861,371,291,1650.209409410736,1648.375988373853,690.1789903112948,531.1282465378075,0.4228315419557034,1.333807734076745,0.619089703715525,/Users/cudmore/Desktop/samiVolume/200414/WT Male/Cell 23/Male WTcell 23_3ADVMLEG1L1_ch2.tif
200414,WT Male,Cell 24,Male WTcell 24_3ADVMLEG1L1_ch2.tif,0.14286910304205466,0.14286910304205466,0.43000000000006366,498,247,31,0.00877697965973903,wt,male,21,231497,2031.844460290606,65620,575.9454052720752,165877,1455.899055018531,718,0,718,200,344,1163.2473447413306,1163.2473447413306,326.5163820606376,543.0687903769974,0.5725080671652181,2.019718074132071,0.7989890100770238,/Users/cudmore/Desktop/samiVolume/200414/WT Male/Cell 24/Male WTcell 24_3ADVMLEG1L1_ch2.tif
200414,WT Male,Cell 25,Male WTcell 25_3ADVMLEG1L1_ch2.tif,0.16572817562943976,0.16572817562943976,0.43000000000006366,498,216,27,0.011810306124910594,wt,male,22,220943,2609.404466156121,62907,742.9509273997508,158036,1866.4535387563706,803,1,802,235,367,1425.3530774994006,1423.1205056009867,401.4920018459785,628.4941372556203,0.5453813404778013,1.915497313640562,0.7624730410108256,/Users/cudmore/Desktop/samiVolume/200414/WT Male/Cell 25/Male WTcell 25_3ADVMLEG1L1_ch2.tif
200414,WT Male,Cell 26,Male WTcell 26_3ADVMLEG1L1_ch2.tif,0.12555164252936338,0.12555164252936338,0.43000000000006366,507,275,26,0.006778182424984054,wt,male,23,390672,2648.0460843333703,120884,819.3738042617723,269788,1828.672280071598,1029,1,1028,208,553,1594.1694124473572,1593.7041959065039,292.79794819524267,828.1681365031401,0.6018415636099888,1.9450270287105123,0.8715089156620811,/Users/cudmore/Desktop/samiVolume/200414/WT Male/Cell 26/Male WTcell 26_3ADVMLEG1L1_ch2.tif
200414,WT Male,Cell 27,Male WTcell 27_3ADVMLEG1L1_ch2.tif,0.17263351389647996,0.17263351389647996,0.43000000000006366,511,247,27,0.012815001951707738,wt,male,24,240331,3079.8422340558723,65411,838.2420926631548,174920,2241.6001413927174,551,0,551,108,329,1131.6994202005533,1131.6994202005533,219.88496439000653,659.6688255860983,0.3674536986624175,1.3500866039846122,0.5048623076448517,/Users/cudmore/Desktop/samiVolume/200414/WT Male/Cell 27/Male WTcell 27_3ADVMLEG1L1_ch2.tif
200414,WT Male,Cell 28,Male WTcell 28_3ADVMLEG1L1_ch2.tif,0.14286910304205466,0.14286910304205466,0.43000000000006366,508,320,24,0.00877697965973903,wt,male,25,361999,3177.257859845869,96849,850.0417030660653,265150,2327.216156779804,1074,1,1073,229,568,1862.8735408215314,1861.9918203029265,359.94039303762605,956.994650194022,0.5860373638018959,2.190471142282548,0.8000940586797001,/Users/cudmore/Desktop/samiVolume/200414/WT Male/Cell 28/Male WTcell 28_3ADVMLEG1L1_ch2.tif
200414,WT Male,Cell 29,Male WTcell 29_3ADVMLEG1L1_ch2.tif,0.10903168308065968,0.10903168308065968,0.43000000000006366,506,378,24,0.005111800403623364,wt,male,26,491411,2511.9949481449607,130464,666.9059278583185,360947,1845.0890202866422,1366,0,1366,259,813,1901.1312344494386,1901.1312344494386,352.79924467413736,1087.3813724560193,0.7568212809716722,2.8506737682699477,1.030373718312025,/Users/cudmore/Desktop/samiVolume/200414/WT Male/Cell 29/Male WTcell 29_3ADVMLEG1L1_ch2.tif
200414,WT Male,Cell 3,Male WT cell 3_3ADVMLEG1L1_ch2.tif,0.14189054393172454,0.14189054393172454,0.43000000000006366,510,280,27,0.008657158376614762,wt,male,27,443631,3840.5838277759835,170899,1479.4997094050862,272732,2361.084118370897,1570,1,1569,784,422,2540.4273470568523,2537.19367005901,1207.6568738197677,656.8689736484529,0.6606270775056238,1.7148997420751286,1.0745884275438797,/Users/cudmore/Desktop/samiVolume/200414/WT Male/Cell 3/Male WT cell 3_3ADVMLEG1L1_ch2.tif
200414,WT Male,Cell 30,Male WTcell 30_3ADVMLEG1L1_ch2.tif,0.24371792672084353,0.24371792672084353,0.43000000000006366,486,195,21,0.025541323956199555,wt,male,28,185891,4747.902251541891,55883,1427.3258066442997,130008,3320.5764448975915,527,1,526,247,101,1157.0829439600907,1150.6088814924522,526.5808483287417,201.73998848918413,0.2423404738627021,0.8061291095111492,0.34650877658922186,/Users/cudmore/Desktop/samiVolume/200414/WT Male/Cell 30/Male WTcell 30_3ADVMLEG1L1_ch2.tif
200414,WT Male,Cell 4,Male WT cell 4_3ADVMLEG1L1_ch2.tif,0.19270718913439785,0.19270718913439785,0.43000000000006366,510,137,28,0.015968506119957017,wt,male,29,179950,2873.532676286265,56820,907.3305177359578,123130,1966.2021585503076,517,1,516,177,225,1019.8893648409089,1018.2511248144106,350.0190218687086,429.3475924022132,0.3543551577532056,1.1222493952426846,0.5178771269202416,/Users/cudmore/Desktop/samiVolume/200414/WT Male/Cell 4/Male WT cell 4_3ADVMLEG1L1_ch2.tif
200414,WT Male,Cell 5,Male WT cell 5_3ADVMLEG1L1_ch2.tif,0.0898742703894387,0.0898742703894387,0.43000000000006366,512,512,27,0.0034732753255551072,wt,male,30,518381,1800.479936536582,158626,550.9517717915045,359755,1249.5281647450777,1177,2,1175,339,638,1604.8438166627625,1602.3511882421521,425.68849697660823,866.3092723200119,0.889957813872921,2.908332943611127,1.2823650026080489,/Users/cudmore/Desktop/samiVolume/200414/WT Male/Cell 5/Male WT cell 5_3ADVMLEG1L1_ch2.tif
200414,WT Male,Cell 6,Male WT cell 6_3ADVMLEG1L1_ch2.tif,0.14286910304205466,0.14286910304205466,0.43000000000006366,510,265,27,0.00877697965973903,wt,male,31,434211,3811.0611150349437,166675,1462.9030847870029,267536,2348.158030247941,1454,0,1454,673,449,2408.735546464159,2408.735546464159,1073.9229569417134,720.3443604748087,0.632038026617181,1.646544854210126,1.0257978872954396,/Users/cudmore/Desktop/samiVolume/200414/WT Male/Cell 6/Male WT cell 6_3ADVMLEG1L1_ch2.tif
200414,WT Male,Cell 7,Male WT cell 7_3ADVMLEG1L1_ch2.tif,0.18832746379404508,0.18832746379404508,0.4299999999998363,507,190,25,0.015250910456206059,wt,male,32,172299,2627.7166206938477,37861,577.4147207824176,134438,2050.30189991143,498,2,496,87,302,993.4395871393484,991.7433554657672,152.08129811526646,603.3654874417964,0.37741640314468067,1.7175581428230986,0.4837060120310131,/Users/cudmore/Desktop/samiVolume/200414/WT Male/Cell 7/Male WT cell 7_3ADVMLEG1L1_ch2.tif
200414,WT Male,Cell 9,Male WT cell 9_3ADVMLEG1L1_ch2.tif,0.1534519946917886,0.1534519946917886,0.4299999999998363,512,512,38,0.010125431310198293,wt,male,33,321964,3260.0243663566835,104254,1055.6167158134128,217710,2204.4076505432704,1045,1,1044,488,335,1906.2722203221217,1899.9137737124697,835.7560541348638,627.3881663841833,0.582791280126462,1.7998140283791146,0.8618704318342576,/Users/cudmore/Desktop/samiVolume/200414/WT Male/Cell 9/Male WT cell 9_3ADVMLEG1L1_ch2.tif
200421,WT Male,Cell 1,WT Male 1_3ADVMLEG1L1_ch2.tif,0.1801393161443197,0.1801393161443197,0.43000000000006366,450,304,27,0.013953574485007622,wt,male,34,207325,2892.9248301042053,57398,800.9072682904675,149927,2092.0175618137378,783,1,782,369,265,1468.3727699681688,1465.924216210278,621.6674454851172,538.8100409197191,0.5067273787952086,1.8303295203442038,0.7007227104438601,/Users/cudmore/Desktop/samiVolume/200421/WT Male/Cell 1/WT Male 1_3ADVMLEG1L1_ch2.tif
200421,WT Male,Cell 10,WT Male 10_3ADVMLEG1L1_ch2.tif,0.1801393161443197,0.1801393161443197,0.43000000000006366,451,202,22,0.013953574485007622,wt,male,35,213354,2977.050930674316,63077,880.1496177908258,150277,2096.9013128834904,818,0,818,454,162,1493.0928403423984,1493.0928403423984,816.8124770616504,285.9140108701537,0.5015341944466519,1.696407985826386,0.7120472628677107,/Users/cudmore/Desktop/samiVolume/200421/WT Male/Cell 10/WT Male 10_3ADVMLEG1L1_ch2.tif
200421,WT Male,Cell 2,WT Male 2_3ADVMLEG1L1_ch2.tif,0.16572817562943976,0.16572817562943976,0.43000000000006366,512,221,40,0.011810306124910594,wt,male,36,282056,3331.1677043677823,94033,1110.558515843718,188023,2220.6091885240644,905,3,902,462,238,1616.1115763174248,1611.5380332378832,789.4820952005966,417.1720715426047,0.48377571358081317,1.451105916749969,0.7257188890175662,/Users/cudmore/Desktop/samiVolume/200421/WT Male/Cell 2/WT Male 2_3ADVMLEG1L1_ch2.tif
200421,WT Male,Cell 3,WT Male 3_3ADVMLEG1L1_ch2.tif,0.2762136413078605,0.2762136413078605,0.43000000000006366,474,242,32,0.032806409527160255,wt,male,37,360774,11835.699590751714,87520,2871.2169618170656,273254,8964.482628934647,1377,442,935,446,283,3159.9325162687815,2062.23900561163,963.3633781516883,574.069063149052,0.17423887703461494,0.7182456195530869,0.23004551305117646,/Users/cudmore/Desktop/samiVolume/200421/WT Male/Cell 3/WT Male 3_3ADVMLEG1L1_ch2.tif
200421,WT Male,Cell 4,WT Male 4_3ADVMLEG1L1_ch2.tif,0.2071602023706585,0.2071602023706585,0.4299999999998363,471,162,35,0.018453600261881413,wt,male,38,251054,4632.850160146376,88242,1628.3825943089396,162812,3004.4675658374367,810,1,809,635,72,1751.267158928246,1750.1253604385927,1367.1651211172223,151.83302244316857,0.37776429194578076,1.074762998913851,0.5825076563776382,/Users/cudmore/Desktop/samiVolume/200421/WT Male/Cell 4/WT Male 4_3ADVMLEG1L1_ch2.tif
200421,WT Male,Cell 5,WT Male 5_3ADVMLEG1L1_ch2.tif,0.25895029319646945,0.25895029319646945,0.43000000000006366,495,164,38,0.028833759369015388,wt,male,39,228463,6587.447166723363,92631,2670.8999641112646,135832,3916.5472026120983,836,0,836,627,82,1806.767385823107,1806.767385823107,1336.4142564246831,161.96379086382862,0.27427428867286147,0.6764638923585835,0.4613163820975024,/Users/cudmore/Desktop/samiVolume/200421/WT Male/Cell 5/WT Male 5_3ADVMLEG1L1_ch2.tif
200421,WT Male,Cell 6,WT Male 6_3ADVMLEG1L1_ch2.tif,0.0898742703894387,0.0898742703894387,0.43000000000006366,512,512,31,0.0034732753255551072,wt,male,40,432873,1503.487109999016,123071,427.4594675913926,309802,1076.0276424076233,1618,147,1471,434,756,2232.8996881769885,2014.326415145781,526.2524672836413,1036.5803988771368,1.3397696606438478,4.712321443003505,1.8720024800094395,/Users/cudmore/Desktop/samiVolume/200421/WT Male/Cell 6/WT Male 6_3ADVMLEG1L1_ch2.tif
200421,WT Male,Cell 7,WT Male 7_3ADVMLEG1L1_ch2.tif,0.2071602023706585,0.2071602023706585,0.43000000000006366,456,146,20,0.01845360026189117,wt,male,41,170665,3149.3836886956565,36612,675.6232127883595,134053,2473.760475907297,554,2,552,92,323,1070.5824804112196,1061.7649760567783,161.36471853991515,622.1023250598939,0.33713420815249,1.571534186451019,0.4292109063903435,/Users/cudmore/Desktop/samiVolume/200421/WT Male/Cell 7/WT Male 7_3ADVMLEG1L1_ch2.tif
200421,WT Male,Cell 8,WT Male 8_3ADVMLEG1L1_ch2.tif,0.1801393161443197,0.1801393161443197,0.43000000000006366,472,256,31,0.013953574485007622,wt,male,42,331712,4628.568099570848,109099,1522.3210227398465,222613,3106.247076831002,1119,6,1113,372,432,2134.549683046721,2117.753089235853,638.2730599081074,818.6531007195318,0.45753957674992557,1.3911343649609191,0.6817722598539676,/Users/cudmore/Desktop/samiVolume/200421/WT Male/Cell 8/WT Male 8_3ADVMLEG1L1_ch2.tif
200421,WT Male,Cell 9,WT Male 9_3ADVMLEG1L1_ch2.tif,0.1534519946917886,0.1534519946917886,0.43000000000006366,454,223,28,0.010125431310203648,wt,male,43,238969,2419.6641947680555,6754,68.38716306911545,232215,2351.2770316989404,1079,515,564,6,533,1804.9943552502755,911.2149820263918,11.388831441977242,856.2086156534949,0.3765873727423318,13.324357103473833,0.3875404598189707,/Users/cudmore/Desktop/samiVolume/200421/WT Male/Cell 9/WT Male 9_3ADVMLEG1L1_ch2.tif
200108,BIN1smKO_Female,Cell_2,2_5ADVMLEG1L1_ch2.tif,0.13365174525121984,0.13365174525121984,0.43000000000006366,502,229,31,0.007680999273740832,ko,female,0,285186,2190.513458881053,97453,748.5364222238653,187733,1441.9770366571877,974,2,972,278,478,1649.8133432145507,1645.4231170360404,445.4769391460872,760.765489736288,0.7511586429040008,2.198187113123458,1.1410882942009148,/Users/cudmore/Desktop/samiVolume/200108/BIN1smKO_Female/Cell_2/2_5ADVMLEG1L1_ch2.tif
200108,BIN1smKO_Female,Cell_3,3_5ADVMLEG1L1_ch2.tif,0.17263351389647996,0.17263351389647996,0.4299999999998363,494,211,33,0.01281500195170096,ko,female,1,372281,4770.781741581185,147313,1887.8163825109236,224968,2882.965359070262,1190,3,1187,371,590,2181.4372393717726,2176.7181904746017,663.0288146571613,1062.5709570068161,0.456260275229688,1.1530349088185257,0.7550275217932482,/Users/cudmore/Desktop/samiVolume/200108/BIN1smKO_Female/Cell_3/3_5ADVMLEG1L1_ch2.tif
200108,BIN1smKO_Female,Cell_4_,4_5ADVMLEG1L1_ch2.tif,0.138106801580439,0.138106801580439,0.43000000000006366,482,286,28,0.008201600116396077,ko,female,2,551603,4524.027229004425,207674,1703.259102572439,343929,2820.7681264319863,1610,3,1607,492,827,2625.608867514654,2613.396784748524,737.878217027101,1341.7073794768698,0.5776704366396217,1.5343506932101527,0.9264840878836191,/Users/cudmore/Desktop/samiVolume/200108/BIN1smKO_Female/Cell_4_/4_5ADVMLEG1L1_ch2.tif
200108,BIN1smKO_Female,Cell_5,5_5ADVMLEG1L1_ch2.tif,0.21806336616131936,0.21806336616131936,0.43000000000006366,508,220,35,0.020447201614493454,ko,female,3,223616,4572.321436226568,91068,1862.08575662869,132548,2710.2356795978785,918,1,917,691,105,1816.0732230955311,1812.872711819585,1338.8729115185508,229.18749232077042,0.39648846589309505,0.9735710105542049,0.668898548368518,/Users/cudmore/Desktop/samiVolume/200108/BIN1smKO_Female/Cell_5/5_5ADVMLEG1L1_ch2.tif
200108,BIN1smKO_Female,Cell_6,6_5ADVMLEG1L1_ch2.tif,0.1801393161443197,0.1801393161443197,0.4299999999998363,507,227,31,0.013953574485000245,ko,female,4,223684,3121.1913551027947,83347,1162.9885726013154,140337,1958.2027825014793,914,2,912,292,393,1720.2821903643462,1718.1700338474457,528.4396417714926,730.7469036533156,0.5504853238294513,1.4773748206350195,0.8774219142169704,/Users/cudmore/Desktop/samiVolume/200108/BIN1smKO_Female/Cell_6/6_5ADVMLEG1L1_ch2.tif
200108,BIN1smKO_Female,Cell_9,9_5ADVMLEG1L1_ch2.tif,0.138106801580439,0.138106801580439,0.43000000000006366,505,223,32,0.008201600116396077,ko,female,5,342530,2809.294087869148,140782,1154.6376675864724,201748,1654.6564202826758,746,9,737,271,333,1192.6315384031138,1167.8828106531503,424.40124334583703,484.99995084831767,0.41572109367125404,1.0114712549559932,0.7058159001091194,/Users/cudmore/Desktop/samiVolume/200108/BIN1smKO_Female/Cell_9/9_5ADVMLEG1L1_ch2.tif
200108,BIN1smKO_Female,Cell_11,11_5ADVMLEG1L1_ch2.tif,0.1141378568448758,0.1141378568448758,0.43000000000006366,466,352,31,0.005601803657011615,ko,female,7,192861,1080.3694550949172,15715,88.03234446993753,177146,992.3371106249796,657,14,643,23,562,966.376668678665,946.8085020307172,21.15106086404197,838.9473378531405,0.8763747415901667,10.755234428114614,0.9541198166361146,/Users/cudmore/Desktop/samiVolume/200108/BIN1smKO_Female/Cell_11/11_5ADVMLEG1L1_ch2.tif
200421,BIN1smKO Female,Cell 1,Female KOl 1_3ADVMLEG1L1_ch2.tif,0.0898742703894387,0.0898742703894387,0.43000000000006366,391,298,23,0.0034732753255551072,ko,female,8,403829,1402.6093014435935,126598,439.70970966462545,277231,962.899591778968,1115,0,1115,336,461,1504.3687405807134,1504.3687405807134,411.1868255072003,600.3055273789765,1.07255009576251,3.421277055101018,1.5623318915333373,/Users/cudmore/Desktop/samiVolume/200421/BIN1smKO Female/Cell 1/Female KOl 1_3ADVMLEG1L1_ch2.tif
200421,BIN1smKO Female,Cell 10,Female KO 10_3ADVMLEG1L1_ch2.tif,0.18832746379404508,0.18832746379404508,0.43000000000006366,427,149,29,0.015250910456214123,ko,female,9,301520,4598.454520757682,120849,1843.0572777230207,180671,2755.3972430346616,764,0,764,413,152,1620.6674418233765,1620.6674418233765,843.5442019202289,309.95580943815946,0.35243741881268864,0.8793364489602881,0.5881792347438265,/Users/cudmore/Desktop/samiVolume/200421/BIN1smKO Female/Cell 10/Female KO 10_3ADVMLEG1L1_ch2.tif
200421,BIN1smKO Female,Cell 11,Female KO 11_3ADVMLEG1L1_ch2.tif,0.1534519946917886,0.1534519946917886,0.43000000000006366,510,179,31,0.010125431310203648,ko,female,10,324938,3290.137399074953,107768,1091.1974814380267,217170,2198.939917636926,953,0,953,359,286,1561.636470228753,1561.636470228753,593.4538841090425,448.42882183783513,0.4746417188132687,1.4311217692426872,0.7101769619549013,/Users/cudmore/Desktop/samiVolume/200421/BIN1smKO Female/Cell 11/Female KO 11_3ADVMLEG1L1_ch2.tif
200421,BIN1smKO Female,Cell 12,Female KO 12_3ADVMLEG1L1_ch2.tif,0.0898742703894387,0.0898742703894387,0.4299999999998363,367,374,26,0.0034732753255532706,ko,female,11,463813,1610.950248570839,114602,398.0442988590559,349211,1212.9059497117833,1338,5,1333,170,933,1684.8471810842398,1673.7772093549834,195.06471552224158,1128.016324476238,1.0389999386013824,4.205002343087581,1.379972791585955,/Users/cudmore/Desktop/samiVolume/200421/BIN1smKO Female/Cell 12/Female KO 12_3ADVMLEG1L1_ch2.tif
200421,BIN1smKO Female,Cell 13,Female KO 13_3ADVMLEG1L1_ch2.tif,0.0898742703894387,0.0898742703894387,0.43000000000006366,395,398,26,0.0034732753255551072,ko,female,12,477387,1658.096487840776,137044,475.9915437153741,340343,1182.104944125402,1206,1,1205,534,424,1543.0993686599263,1542.4712288068363,657.6048398544631,506.1592892540827,0.9302662662385164,3.2405433440413782,1.3048513471433425,/Users/cudmore/Desktop/samiVolume/200421/BIN1smKO Female/Cell 13/Female KO 13_3ADVMLEG1L1_ch2.tif
200421,BIN1smKO Female,Cell 14,Female KO 14_3ADVMLEG1L1_ch2.tif,0.1534519946917886,0.1534519946917886,0.4299999999998363,507,197,26,0.010125431310198293,ko,female,13,386653,3915.0283923821007,133584,1352.5956161415288,253069,2562.432776240572,752,1,751,232,318,1256.2967809111763,1254.7447537823136,361.65669918984594,489.578310911134,0.3204944199699312,0.9276569721271546,0.4896693351008374,/Users/cudmore/Desktop/samiVolume/200421/BIN1smKO Female/Cell 14/Female KO 14_3ADVMLEG1L1_ch2.tif
200421,BIN1smKO Female,Cell 15,Female KO 15_3ADVMLEG1L1_ch2.tif,0.1801393161443197,0.1801393161443197,0.43000000000006366,493,196,30,0.013953574485007622,ko,female,14,252752,3526.7938582346465,56747,791.8234913007276,196005,2734.970366933919,580,0,580,139,297,1093.1966670764152,1093.1966670764152,226.53102715382585,525.8663922663859,0.3099689721087413,1.380606510272412,0.3997106075785239,/Users/cudmore/Desktop/samiVolume/200421/BIN1smKO Female/Cell 15/Female KO 15_3ADVMLEG1L1_ch2.tif
200421,BIN1smKO Female,Cell 16,Female KO 16_3ADVMLEG1L1_ch2.tif,0.0898742703894387,0.0898742703894387,0.43000000000006366,482,233,31,0.0034732753255551072,ko,female,15,594884,2066.1959187675243,232633,807.9984588098613,362251,1258.197459957663,1264,0,1264,371,586,1725.097476948309,1725.097476948309,444.340865118847,789.1932353532038,0.8349147635415528,2.1350257022634493,1.3710864406023808,/Users/cudmore/Desktop/samiVolume/200421/BIN1smKO Female/Cell 16/Female KO 16_3ADVMLEG1L1_ch2.tif
200421,BIN1smKO Female,Cell 17,Female KO 17_3ADVMLEG1L1_ch2.tif,0.14286910304205466,0.14286910304205466,0.43000000000006366,491,158,30,0.00877697965973903,ko,female,16,323950,2843.3025607724585,108153,949.2566811397553,215797,1894.0458796327034,737,1,736,283,279,1235.917443885604,1235.5725273593957,449.5323497544128,448.1733937815709,0.43455541608759346,1.3016211019719832,0.6523456166748189,/Users/cudmore/Desktop/samiVolume/200421/BIN1smKO Female/Cell 17/Female KO 17_3ADVMLEG1L1_ch2.tif
200421,BIN1smKO Female,Cell 2,Female KO 2_3ADVMLEG1L1_ch2.tif,0.1183772514909319,0.1183772514909319,0.4299999999998363,394,366,24,0.006025664678333061,ko,female,17,470501,2835.0812568203833,33988,204.80029108718406,436513,2630.2809657331995,1889,595,1294,96,990,2764.029226236204,1813.4021022914067,120.40178229322362,1395.0246078162118,0.6396296747858239,8.854489867494555,0.6894328499183413,/Users/cudmore/Desktop/samiVolume/200421/BIN1smKO Female/Cell 2/Female KO 2_3ADVMLEG1L1_ch2.tif
200421,BIN1smKO Female,Cell 3,Female KO 3_3ADVMLEG1L1_ch2.tif,0.09481015830167701,0.09481015830167701,0.4299999999998363,500,236,22,0.0038652554303898216,ko,female,18,778872,3010.539227578581,303199,1171.9415812387635,475673,1838.5976463398176,1543,2,1541,199,1082,2059.966833881285,2056.3792588372157,227.81217533868949,1407.0547415073645,0.6830601109593215,1.7546772738139265,1.1184498484107963,/Users/cudmore/Desktop/samiVolume/200421/BIN1smKO Female/Cell 3/Female KO 3_3ADVMLEG1L1_ch2.tif
200421,BIN1smKO Female,Cell 4,Female KO 4_3ADVMLEG1L1_ch2.tif,0.1801393161443197,0.1801393161443197,0.43000000000006366,500,120,23,0.013953574485007622,ko,female,19,201872,2816.8359884374586,53620,748.1906638861087,148252,2068.64532455135,539,7,532,38,373,1090.8053198203022,1070.8418775202401,54.77047856345722,764.93105520244,0.3801576953418052,1.431241967065291,0.517653686115809,/Users/cudmore/Desktop/samiVolume/200421/BIN1smKO Female/Cell 4/Female KO 4_3ADVMLEG1L1_ch2.tif
200421,BIN1smKO Female,Cell 5,Female KO 5_3ADVMLEG1L1_ch2.tif,0.1801393161443197,0.1801393161443197,0.43000000000006366,481,196,18,0.013953574485007622,ko,female,20,254035,3544.696294298911,72867,1016.7551119990504,181168,2527.941182299861,645,0,645,254,197,1276.2368213174482,1276.2368213174482,467.04728540109136,374.5346534279254,0.3600412321275804,1.2552057090799658,0.5048522609044085,/Users/cudmore/Desktop/samiVolume/200421/BIN1smKO Female/Cell 5/Female KO 5_3ADVMLEG1L1_ch2.tif
200421,BIN1smKO Female,Cell 6,Female KO 6_3ADVMLEG1L1_ch2.tif,0.1183772514909319,0.1183772514909319,0.43000000000006366,512,321,30,0.0060256646783362474,ko,female,21,644965,3886.3428192631377,233072,1404.4137179091858,411893,2481.929101353952,1776,0,1776,1027,370,2660.9517978903996,2660.9517978903996,1447.3845634167162,545.491256990153,0.6846930190257698,1.8947064984895468,1.0721304635328972,/Users/cudmore/Desktop/samiVolume/200421/BIN1smKO Female/Cell 6/Female KO 6_3ADVMLEG1L1_ch2.tif
200421,BIN1smKO Female,Cell 7,Female KO 7_3ADVMLEG1L1_ch2.tif,0.15935401705980365,0.15935401705980365,0.43000000000006366,479,319,26,0.010919292183832979,ko,female,22,347495,3794.399437421041,104774,1144.0579192689165,242721,2650.3415181521245,890,1,889,271,388,1583.5395086134736,1578.9975054726447,452.3957250151238,668.5726676964966,0.4161389783849035,1.3801726983207863,0.5957713353762635,/Users/cudmore/Desktop/samiVolume/200421/BIN1smKO Female/Cell 7/Female KO 7_3ADVMLEG1L1_ch2.tif
200421,BIN1smKO Female,Cell 8,Female KO 8_3ADVMLEG1L1_ch2.tif,0.14044760370405274,0.14044760370405274,0.43000000000006366,482,279,28,0.008481977636071834,ko,female,23,387530,3287.0207933069178,117020,992.561022973126,270510,2294.4597703337918,859,6,853,176,496,1535.2278697042175,1518.8684113129827,286.90794660966606,863.7110212172661,0.4620805607332104,1.5302519201926255,0.6619721256180586,/Users/cudmore/Desktop/samiVolume/200421/BIN1smKO Female/Cell 8/Female KO 8_3ADVMLEG1L1_ch2.tif
200421,BIN1smKO Female,Cell 9,Female KO 9_3ADVMLEG1L1_ch2.tif,0.19729543472174735,0.19729543472174735,0.4299999999998363,506,180,25,0.016737960081672235,ko,female,24,328287,5494.854701331933,65469,1095.8175085869996,262818,4399.037192744933,805,93,712,209,318,1701.7595145889354,1476.104696652798,387.95138423638696,660.2673011763679,0.2686339815855359,1.3470351450727953,0.3355517655288863,/Users/cudmore/Desktop/samiVolume/200421/BIN1smKO Female/Cell 9/Female KO 9_3ADVMLEG1L1_ch2.tif
191230,BIN1_smKO_Male,Cell_12,12_5ADVMLEG1L1_ch2.tif,0.1490361163691881,0.1490361163691881,0.4299999999998363,512,512,24,0.00955105851243274,ko,male,0,305194,2914.9257516433977,49129,469.23395365730806,256065,2445.6917979860896,317,10,307,56,200,396.39572338167204,381.51189507782476,64.05826534923666,235.1343079934257,0.13088219995405825,0.8130526192834957,0.15599344749488941,/Users/cudmore/Desktop/samiVolume/191230/BIN1_smKO_Male/Cell_12/12_5ADVMLEG1L1_ch2.tif
191230,BIN1_smKO_Male,Cell_13,13_5ADVMLEG1L1_ch2.tif,0.14744497758910063,0.14744497758910063,0.4299999999998363,452,231,28,0.009348209208984107,ko,male,1,295192,2759.5165728184365,72116,674.1554553150979,223076,2085.361117503339,189,1,188,57,95,208.29810925111747,207.27905014975465,48.57493459716939,104.53334245479638,0.0751142617484083,0.30746476723662075,0.0993971971616675,/Users/cudmore/Desktop/samiVolume/191230/BIN1_smKO_Male/Cell_13/13_5ADVMLEG1L1_ch2.tif
191230,BIN1_smKO_Male,Cell_14,14_5ADVMLEG1L1_ch2.tif,0.17120678526731373,0.17120678526731373,0.43000000000006366,465,134,21,0.012604058228276137,ko,male,2,120177,1514.7179056995412,9440,118.98230967492674,110737,1395.7355960246146,245,11,234,13,191,408.9774623579238,386.4023292028812,16.70381178431295,303.1495591053293,0.25509854194562337,3.2475611732414382,0.27684493417194955,/Users/cudmore/Desktop/samiVolume/191230/BIN1_smKO_Male/Cell_14/14_5ADVMLEG1L1_ch2.tif
191230,BIN1_smKO_Male,Cell_15,15_5ADVMLEG1L1_ch2.tif,0.19729543472174735,0.19729543472174735,0.43000000000006366,473,241,16,0.01673796008168108,ko,male,3,272092,4554.265034544769,14191,237.52839151913622,257901,4316.7366430256325,689,0,689,73,473,1143.522362595761,1143.522362595761,148.4076244416396,752.5204575462002,0.25108823353976456,4.81425548871127,0.26490436113199106,/Users/cudmore/Desktop/samiVolume/191230/BIN1_smKO_Male/Cell_15/15_5ADVMLEG1L1_ch2.tif
200414,Bin1smKO Male,Cell 1,Male KO cell 1_3ADVMLEG1L1_ch2.tif,0.0898742703894387,0.0898742703894387,0.4299999999998363,510,254,23,0.0034732753255532706,ko,male,4,506107,1757.8489551897892,144182,500.78378298892164,361925,1257.0651722008674,1440,0,1440,335,842,1917.7677403237933,1917.7677403237933,393.9665515159415,1119.8052813731813,1.0909741332791236,3.8295324358900382,1.5255913398397387,/Users/cudmore/Desktop/samiVolume/200414/Bin1smKO Male/Cell 1/Male KO cell 1_3ADVMLEG1L1_ch2.tif
200414,Bin1smKO Male,Cell 10,Male KO cell 10_3ADVMLEG1L1_ch2.tif,0.15935401705980365,0.15935401705980365,0.43000000000006366,509,220,50,0.010919292183832979,ko,male,5,765743,8361.371554724818,444870,4857.6655138217775,320873,3503.7060409030396,2278,0,2278,1933,98,3930.0722504632827,3930.0722504632827,3328.97639008574,135.68030246805407,0.47002722277572867,0.8090454641804455,1.1216900632024347,/Users/cudmore/Desktop/samiVolume/200414/Bin1smKO Male/Cell 10/Male KO cell 10_3ADVMLEG1L1_ch2.tif
200414,Bin1smKO Male,Cell 11,Male KO cell 11_3ADVMLEG1L1_ch2.tif,0.1801393161443197,0.1801393161443197,0.4299999999998363,506,302,49,0.013953574485000245,ko,male,6,314562,4389.264297150647,131715,1837.8950632918072,182847,2551.36923385884,672,0,672,172,320,1318.8069602892,1318.8069602892,330.7212187942754,583.8453936521936,0.30046196150578636,0.7175637971011894,0.5169016474712911,/Users/cudmore/Desktop/samiVolume/200414/Bin1smKO Male/Cell 11/Male KO cell 11_3ADVMLEG1L1_ch2.tif
200414,Bin1smKO Male,Cell 12,Male KO cell 12_3ADVMLEG1L1_ch2.tif,0.2301779920376829,0.2301779920376829,0.43000000000006366,512,232,35,0.022782220447958208,ko,male,7,240509,5479.3290577179805,98192,2237.031790225912,142317,3242.2972674920684,687,0,687,570,28,1442.6586939692356,1442.6586939692356,1212.6773787065363,50.78319636756728,0.2632911217363666,0.6448986108612901,0.4449495450135387,/Users/cudmore/Desktop/samiVolume/200414/Bin1smKO Male/Cell 12/Male KO cell 12_3ADVMLEG1L1_ch2.tif
200414,Bin1smKO Male,Cell 13,Male KO cell 13_3ADVMLEG1L1_ch2.tif,0.0898742703894387,0.0898742703894387,0.43000000000006366,512,512,37,0.0034732753255551072,ko,male,8,1298809,4511.121252308903,546090,1896.7209225323886,752719,2614.400329776515,2884,3,2881,1248,991,3686.166237208623,3683.098116063608,1533.5279974378511,1204.1718377961,0.8164484858788726,1.9418239511726139,1.408773581503659,/Users/cudmore/Desktop/samiVolume/200414/Bin1smKO Male/Cell 13/Male KO cell 13_3ADVMLEG1L1_ch2.tif
200414,Bin1smKO Male,Cell 14,Male KO cell 14_3ADVMLEG1L1_ch2.tif,0.0898742703894387,0.0898742703894387,0.43000000000006366,512,512,36,0.0034732753255551072,ko,male,9,1962012,6814.607868043027,1019256,3540.1567152239963,942756,3274.4511528190305,3235,0,3235,977,1690,4108.32499381497,4108.32499381497,1212.5875475624077,2064.4419790654442,0.6028703446137937,1.1604924087534425,1.2546606445107735,/Users/cudmore/Desktop/samiVolume/200414/Bin1smKO Male/Cell 14/Male KO cell 14_3ADVMLEG1L1_ch2.tif
200414,Bin1smKO Male,Cell 15,Male KO cell 15_3ADVMLEG1L1_ch2.tif,0.129071779010528,0.129071779010528,0.43000000000006366,510,167,29,0.007163595378886368,ko,male,10,499273,3576.5897556027335,231427,1657.8493877495355,267846,1918.740367853198,1139,0,1139,494,380,1760.6625301060803,1760.6625301060803,740.084520730191,532.0080937322872,0.4922741075763581,1.0620159726910474,0.9176137426430525,/Users/cudmore/Desktop/samiVolume/200414/Bin1smKO Male/Cell 15/Male KO cell 15_3ADVMLEG1L1_ch2.tif
200414,Bin1smKO Male,Cell 16,Male KO cell 16_3ADVMLEG1L1_ch2.tif,0.2762136413078605,0.2762136413078605,0.43000000000006366,469,171,28,0.032806409527160255,ko,male,11,359655,11798.989218490822,168701,5534.474093641462,190954,6264.515124849359,1032,0,1032,905,24,2395.9874573910924,2395.9874573910924,2054.119413920557,49.4678492765003,0.20306717914753353,0.43292052990975854,0.38246973782327776,/Users/cudmore/Desktop/samiVolume/200414/Bin1smKO Male/Cell 16/Male KO cell 16_3ADVMLEG1L1_ch2.tif
200414,Bin1smKO Male,Cell 17,Male KO cell 17_3ADVMLEG1L1_ch2.tif,0.16572817562943976,0.16572817562943976,0.43000000000006366,506,222,25,0.011810306124910594,ko,male,12,560941,6624.884928013474,273006,3224.2844339373414,287935,3400.600494076132,1668,0,1668,1014,276,2868.9097949872485,2868.9097949872485,1708.2356193047472,447.2480707974553,0.43305050973127085,0.8897818581978741,0.8436479968714079,/Users/cudmore/Desktop/samiVolume/200414/Bin1smKO Male/Cell 17/Male KO cell 17_3ADVMLEG1L1_ch2.tif
200414,Bin1smKO Male,Cell 18,Male KO cell 18_3ADVMLEG1L1_ch2.tif,0.138106801580439,0.138106801580439,0.4299999999998363,508,236,29,0.00820160011639174,ko,male,13,663913,5445.1489380739895,324166,2658.6799033302445,339747,2786.4690347437445,1545,0,1545,817,386,2480.1245378740573,2480.1245378740573,1357.4232886657671,568.3738729464419,0.45547414149360355,0.9328405930956449,0.8900599672740093,/Users/cudmore/Desktop/samiVolume/200414/Bin1smKO Male/Cell 18/Male KO cell 18_3ADVMLEG1L1_ch2.tif
200414,Bin1smKO Male,Cell 19,Male KO cell 19_3ADVMLEG1L1_ch2.tif,0.2301779920376829,0.2301779920376829,0.43000000000006366,506,160,25,0.022782220447958208,ko,male,14,365925,8336.584017419107,159378,3630.984730554683,206547,4705.599286864423,992,0,992,871,18,2080.1811089525772,2080.1811089525772,1831.9686274310316,27.195641114418784,0.2495243980755289,0.5728972340334796,0.44206507654813637,/Users/cudmore/Desktop/samiVolume/200414/Bin1smKO Male/Cell 19/Male KO cell 19_3ADVMLEG1L1_ch2.tif
200414,Bin1smKO Male,Cell 2,Male KO cell 2_3ADVMLEG1L1_ch2.tif,0.1770600001451892,0.1770600001451892,0.43000000000006366,511,291,25,0.013480604770110186,ko,male,15,321515,4334.216642661976,110767,1493.206148570795,210748,2841.0104940911815,1017,2,1015,333,425,1843.418771263085,1842.5262834664616,571.040704814367,765.1526216913788,0.42511171807388576,1.2339396574478443,0.6485461026274287,/Users/cudmore/Desktop/samiVolume/200414/Bin1smKO Male/Cell 2/Male KO cell 2_3ADVMLEG1L1_ch2.tif
200414,Bin1smKO Male,Cell 20,Male KO cell 20_3ADVMLEG1L1_ch2.tif,0.1801393161443197,0.1801393161443197,0.43000000000006366,484,155,26,0.013953574485007622,ko,male,16,302447,4220.2167422671,110549,1542.5537057431077,191898,2677.6630365239926,629,0,629,103,369,1125.5632692622066,1125.5632692622066,188.5289956718507,605.586153597878,0.26670745556484243,0.7296752554362309,0.42035284272488455,/Users/cudmore/Desktop/samiVolume/200414/Bin1smKO Male/Cell 20/Male KO cell 20_3ADVMLEG1L1_ch2.tif
200414,Bin1smKO Male,Cell 21,Male KO cell 21_3ADVMLEG1L1_ch2.tif,0.18832746379404508,0.18832746379404508,0.43000000000006366,454,210,28,0.015250910456214123,ko,male,17,399566,6093.745287347652,167781,2558.8130072540616,231785,3534.9322800935906,1156,0,1156,850,126,2288.4518559890835,2288.4518559890835,1653.111609798022,227.15375801573126,0.37554110782092587,0.8943411845654518,0.64738209240277,/Users/cudmore/Desktop/samiVolume/200414/Bin1smKO Male/Cell 21/Male KO cell 21_3ADVMLEG1L1_ch2.tif
200414,Bin1smKO Male,Cell 22,Male KO cell 22_3ADVMLEG1L1_ch2.tif,0.15935401705980365,0.15935401705980365,0.43000000000006366,457,183,26,0.010919292183832979,ko,male,18,373917,4082.908975502276,154764,1689.913335538727,219153,2392.995639963549,1163,0,1163,809,123,2061.9309931281623,2061.9309931281623,1442.0982648840557,183.12497959746534,0.5050151755769929,1.2201400804206564,0.8616526326640405,/Users/cudmore/Desktop/samiVolume/200414/Bin1smKO Male/Cell 22/Male KO cell 22_3ADVMLEG1L1_ch2.tif
200414,Bin1smKO Male,Cell 23,Male KO cell 23_3ADVMLEG1L1_ch2.tif,0.16572817562943976,0.16572817562943976,0.43000000000006366,443,198,33,0.011810306124910594,ko,male,19,349079,4122.729851777665,151412,1788.2220709849628,197667,2334.5077807927023,1326,0,1326,1011,133,2259.018527787216,2259.018527787216,1680.8120098733473,226.3790020790766,0.547942409278444,1.2632762811964042,0.9676637389574888,/Users/cudmore/Desktop/samiVolume/200414/Bin1smKO Male/Cell 23/Male KO cell 23_3ADVMLEG1L1_ch2.tif
200414,Bin1smKO Male,Cell 24,Male KO cell 24_3ADVMLEG1L1_ch2.tif,0.1534519946917886,0.1534519946917886,0.4299999999998363,512,191,28,0.010125431310198293,ko,male,20,228630,2314.977360450636,73887,748.1377432166213,154743,1566.8396172340144,783,0,783,333,224,1335.8521719721448,1335.8521719721448,543.2277737361303,346.31202356838594,0.5770476181728648,1.7855698152971708,0.8525774797106304,/Users/cudmore/Desktop/samiVolume/200414/Bin1smKO Male/Cell 24/Male KO cell 24_3ADVMLEG1L1_ch2.tif
200414,Bin1smKO Male,Cell 25,Male KO cell 25_3ADVMLEG1L1_ch2.tif,0.18832746379404508,0.18832746379404508,0.43000000000006366,420,256,32,0.015250910456214123,ko,male,21,388944,5931.750116481746,165577,2525.200000608566,223367,3406.55011587318,999,0,999,576,206,2006.4078736440545,2006.4078736440545,1127.6470848910226,410.4405892736946,0.33824888679466153,0.7945540444956898,0.5889852799449464,/Users/cudmore/Desktop/samiVolume/200414/Bin1smKO Male/Cell 25/Male KO cell 25_3ADVMLEG1L1_ch2.tif
200414,Bin1smKO Male,Cell 26,Male KO cell 26_3ADVMLEG1L1_ch2.tif,0.14286910304205466,0.14286910304205466,0.43000000000006366,509,232,22,0.00877697965973903,ko,male,22,411892,3615.1677060092284,142538,1251.053126739882,269354,2364.1145792693465,1039,0,1039,502,230,1798.748392826395,1798.748392826395,840.6217025738165,360.8676984573348,0.4975560026818306,1.437787376395239,0.7608549977227907,/Users/cudmore/Desktop/samiVolume/200414/Bin1smKO Male/Cell 26/Male KO cell 26_3ADVMLEG1L1_ch2.tif
200414,Bin1smKO Male,Cell 27,Male KO cell 27_3ADVMLEG1L1_ch2.tif,0.11197848400616912,0.11197848400616912,0.43000000000006366,488,273,24,0.005391847778538345,ko,male,23,470298,2535.7752265510267,170916,921.5530549166598,299382,1614.2221716343668,1470,1,1469,659,407,2237.5070188018544,2232.183659098422,909.2836493973938,591.3717993623818,0.8802766253594458,2.422197666416817,1.3828230700352617,/Users/cudmore/Desktop/samiVolume/200414/Bin1smKO Male/Cell 27/Male KO cell 27_3ADVMLEG1L1_ch2.tif
200414,Bin1smKO Male,Cell 28,Male KO cell 28_3ADVMLEG1L1_ch2.tif,0.17263351389647996,0.17263351389647996,0.43000000000006366,503,257,36,0.012815001951707738,ko,male,24,280453,3594.00574236229,103362,1324.5842317324152,177091,2269.4215106298752,717,0,717,309,255,1374.0469620132292,1374.0469620132292,546.8061900158622,480.0802796115411,0.3823162956634808,1.0373420799492095,0.605461328174273,/Users/cudmore/Desktop/samiVolume/200414/Bin1smKO Male/Cell 28/Male KO cell 28_3ADVMLEG1L1_ch2.tif
200414,Bin1smKO Male,Cell 29,Male KO cell 29_3ADVMLEG1L1_ch2.tif,0.12185894851081663,0.12185894851081663,0.43000000000006366,502,312,37,0.006385329432830545,ko,male,25,683658,4365.381549390065,289871,1850.921828024023,393787,2514.459721366042,1492,0,1492,593,533,2377.600188210179,2377.600188210179,901.2217887137678,794.2343287826711,0.5446488837939903,1.284549218779498,0.9455709980188068,/Users/cudmore/Desktop/samiVolume/200414/Bin1smKO Male/Cell 29/Male KO cell 29_3ADVMLEG1L1_ch2.tif
200414,Bin1smKO Male,Cell 3,Male KO cell 3_3ADVMLEG1L1_ch2.tif,0.12185894851081663,0.12185894851081663,0.43000000000006366,510,157,20,0.006385329432830545,ko,male,26,468553,2991.8652617410503,174852,1116.4876219892865,293701,1875.377639751764,1325,0,1325,447,539,1994.734497146138,1994.734497146138,638.1286690613874,785.4283452724222,0.6667193615481688,1.786615863767524,1.0636441721733296,/Users/cudmore/Desktop/samiVolume/200414/Bin1smKO Male/Cell 3/Male KO cell 3_3ADVMLEG1L1_ch2.tif
200414,Bin1smKO Male,Cell 30,Male KO cell 30_3ADVMLEG1L1_ch2.tif,0.19729543472174735,0.19729543472174735,0.43000000000006366,497,166,35,0.01673796008168108,ko,male,27,242532,4059.4909345302763,32946,551.4488328510649,209586,3508.042101679211,615,144,471,75,298,1230.0206570959865,922.3174510330929,141.16005500021197,560.0966653057585,0.22720027360765968,1.6725349589817555,0.2629151601662941,/Users/cudmore/Desktop/samiVolume/200414/Bin1smKO Male/Cell 30/Male KO cell 30_3ADVMLEG1L1_ch2.tif
200414,Bin1smKO Male,Cell 4,Male KO cell 4_3ADVMLEG1L1_ch2.tif,0.24371792672084353,0.24371792672084353,0.43000000000006366,511,174,29,0.025541323956199555,ko,male,28,273538,6986.522672330914,115553,2951.376607110727,157985,4035.1460652201868,578,0,578,389,68,1246.9723698375597,1246.9723698375597,823.025174238838,109.91729162894073,0.17848254823189919,0.42250533762219283,0.30902781452832384,/Users/cudmore/Desktop/samiVolume/200414/Bin1smKO Male/Cell 4/Male KO cell 4_3ADVMLEG1L1_ch2.tif
200414,Bin1smKO Male,Cell 5,Male KO cell 5_3ADVMLEG1L1_ch2.tif,0.129071779010528,0.129071779010528,0.4299999999998363,511,348,27,0.007163595378882579,ko,male,29,550604,3944.3042699942634,213836,1531.834581438735,336768,2412.469688555528,1276,0,1276,394,584,2128.7761179933127,2128.7761179933127,616.7807829682391,952.4988107704407,0.5397088997894194,1.3896905996167785,0.8824053326315252,/Users/cudmore/Desktop/samiVolume/200414/Bin1smKO Male/Cell 5/Male KO cell 5_3ADVMLEG1L1_ch2.tif
200414,Bin1smKO Male,Cell 6,Male KO cell 6_3ADVMLEG1L1_ch2.tif,0.1954341501243059,0.1954341501243059,0.43000000000006366,509,178,33,0.01642363802497062,ko,male,30,237664,3903.3075075666175,94108,1545.5957272539351,143556,2357.7117803126825,571,1,570,180,207,1065.0884556354733,1064.0303334093194,336.49926090163757,362.38909224063696,0.27259710677334065,0.6884273258828073,0.45129788224929107,/Users/cudmore/Desktop/samiVolume/200414/Bin1smKO Male/Cell 6/Male KO cell 6_3ADVMLEG1L1_ch2.tif
200414,Bin1smKO Male,Cell 7,Male KO cell 7_3ADVMLEG1L1_ch2.tif,0.1719171895527987,0.1719171895527987,0.43000000000006366,502,237,19,0.012708873627407035,ko,male,31,438012,5566.63915528781,140447,1784.9231743484359,297565,3781.7159809393743,895,0,895,179,529,1846.6967587931367,1846.6967587931367,318.78791751271064,1097.418965261768,0.33174357224842566,1.0346085396461113,0.4883224356617123,/Users/cudmore/Desktop/samiVolume/200414/Bin1smKO Male/Cell 7/Male KO cell 7_3ADVMLEG1L1_ch2.tif
200414,Bin1smKO Male,Cell 8,Male KO cell 8_3ADVMLEG1L1_ch2.tif,0.13764797329188844,0.13764797329188844,0.43000000000006366,509,252,24,0.008147194757087913,ko,male,32,677758,5521.82642417439,260420,2121.6924586408345,417338,3400.1339655335555,1481,0,1481,387,691,2418.510626241604,2418.510626241604,583.6745609753902,1114.624474057354,0.43799106318399234,1.139896885805454,0.7112986284533311,/Users/cudmore/Desktop/samiVolume/200414/Bin1smKO Male/Cell 8/Male KO cell 8_3ADVMLEG1L1_ch2.tif
200414,Bin1smKO Male,Cell 9,Male KO cell 9_3ADVMLEG1L1_ch2.tif,0.12555164252936338,0.12555164252936338,0.43000000000006366,477,249,34,0.006778182424984054,ko,male,33,695757,4715.9678694596305,353568,2396.548403636762,342189,2319.4194658228685,1722,0,1722,1264,189,2609.889146113993,2609.889146113993,1889.651581923465,274.1216960370252,0.5534153790604688,1.0890200014961042,1.1252337856826917,/Users/cudmore/Desktop/samiVolume/200414/Bin1smKO Male/Cell 9/Male KO cell 9_3ADVMLEG1L1_ch2.tif
200421,BIN1smKO Male,Cell 1,KO Male 1_3ADVMLEG1L1_ch2.tif,0.0898742703894387,0.0898742703894387,0.4299999999998363,512,512,27,0.0034732753255532706,ko,male,34,708011,2459.1171365202968,207539,720.8400877900002,500472,1738.2770487302964,2023,9,2014,650,952,2820.851081775812,2803.663210526585,816.4366474455579,1330.3518332873996,1.1401096632972223,3.889438528761966,1.612897790127579,/Users/cudmore/Desktop/samiVolume/200421/BIN1smKO Male/Cell 1/KO Male 1_3ADVMLEG1L1_ch2.tif
200421,BIN1smKO Male,Cell 10,KO Male 10_3ADVMLEG1L1_ch2.tif,0.0898742703894387,0.0898742703894387,0.43000000000006366,510,232,29,0.0034732753255551072,ko,male,35,558569,1940.0639253199906,209667,728.2312176831626,348902,1211.832707636828,1256,10,1246,623,392,1889.3010555534875,1869.3073079533265,841.3248458459726,541.9632234992379,0.9635287185936444,2.5669145493383954,1.5425456799219648,/Users/cudmore/Desktop/samiVolume/200421/BIN1smKO Male/Cell 10/KO Male 10_3ADVMLEG1L1_ch2.tif
200421,BIN1smKO Male,Cell 2,KO Male 2_3ADVMLEG1L1_ch2.tif,0.18832746379404508,0.18832746379404508,0.4299999999998363,501,174,24,0.015250910456206059,ko,male,36,262022,3996.0740595560237,81972,1250.147631916123,180050,2745.926427639901,400,2,398,139,167,674.4789210548981,670.8685899082473,196.72496910221932,265.9520308186933,0.16788192108300987,0.5366314927781732,0.2443141167787415,/Users/cudmore/Desktop/samiVolume/200421/BIN1smKO Male/Cell 2/KO Male 2_3ADVMLEG1L1_ch2.tif
200421,BIN1smKO Male,Cell 3,KO Male 3_3ADVMLEG1L1_ch2.tif,0.15935401705980365,0.15935401705980365,0.43000000000006366,430,217,35,0.010919292183832979,ko,male,37,393935,4301.491366438245,97196,1061.3115230998303,296739,3240.1798433384142,1172,3,1169,519,348,2007.6677041783596,1998.2739979448547,835.9574547035188,615.336979393355,0.4645537623383588,1.8828345442894912,0.6167170016976582,/Users/cudmore/Desktop/samiVolume/200421/BIN1smKO Male/Cell 3/KO Male 3_3ADVMLEG1L1_ch2.tif
200421,BIN1smKO Male,Cell 4,KO Male 4_3ADVMLEG1L1_ch2.tif,0.17263351389647996,0.17263351389647996,0.4299999999998363,475,237,32,0.01281500195170096,ko,male,38,185553,2377.8620571439683,58778,753.240184717079,126775,1624.6218724268892,751,8,743,270,306,1389.2243983028977,1370.5300675965411,491.1882221092509,554.6524375223087,0.5763707206980182,1.819512680555299,0.8435994189523122,/Users/cudmore/Desktop/samiVolume/200421/BIN1smKO Male/Cell 4/KO Male 4_3ADVMLEG1L1_ch2.tif
200421,BIN1smKO Male,Cell 5,KO Male 5_3ADVMLEG1L1_ch2.tif,0.1801393161443197,0.1801393161443197,0.4299999999998363,446,173,24,0.013953574485000245,ko,male,39,244291,3408.7326645151948,76800,1071.6345204480187,167491,2337.098144067176,901,0,901,442,231,1689.0063438898949,1689.0063438898949,762.4533499445909,418.3261765931232,0.4954939298914228,1.576102963894604,0.7226938022168689,/Users/cudmore/Desktop/samiVolume/200421/BIN1smKO Male/Cell 5/KO Male 5_3ADVMLEG1L1_ch2.tif
200421,BIN1smKO Male,Cell 6,KO Male 6_3ADVMLEG1L1_ch2.tif,0.21806336616131936,0.21806336616131936,0.4299999999998363,424,221,26,0.02044720161448264,ko,male,40,198798,4064.8627865559197,72284,1478.005521501263,126514,2586.8572650546566,766,4,762,603,68,1523.3600239578307,1514.9809338242067,1201.598807173597,113.11298830995658,0.37270161709635985,1.0250171002645418,0.5856453520995474,/Users/cudmore/Desktop/samiVolume/200421/BIN1smKO Male/Cell 6/KO Male 6_3ADVMLEG1L1_ch2.tif
200421,BIN1smKO Male,Cell 7,KO Male 7_3ADVMLEG1L1_ch2.tif,0.16572817562943976,0.16572817562943976,0.43000000000006366,504,214,27,0.011810306124910594,ko,male,41,228891,2703.2727792369105,57077,674.0968426915219,171814,2029.1759365453888,1109,17,1092,281,530,1859.2518241785133,1805.8270494114336,442.2719957109153,868.7898899826504,0.6680151049799676,2.6788837078677883,0.8899312360690615,/Users/cudmore/Desktop/samiVolume/200421/BIN1smKO Male/Cell 7/KO Male 7_3ADVMLEG1L1_ch2.tif
200421,BIN1smKO Male,Cell 8,KO Male 8_3ADVMLEG1L1_ch2.tif,0.2071602023706585,0.2071602023706585,0.43000000000006366,440,251,26,0.01845360026189117,ko,male,42,151677,2798.9867269228666,41951,774.1469845865964,109726,2024.8397423362703,607,4,603,296,154,1188.5973161224758,1175.180573545347,577.337442011963,296.90358280785085,0.41985928773492615,1.5180328761119017,0.5803820168945408,/Users/cudmore/Desktop/samiVolume/200421/BIN1smKO Male/Cell 8/KO Male 8_3ADVMLEG1L1_ch2.tif
200421,BIN1smKO Male,Cell 9,KO Male 9_3ADVMLEG1L1_ch2.tif,0.0898742703894387,0.0898742703894387,0.43000000000006366,512,512,38,0.0034732753255551072,ko,male,43,565986,1965.825208409633,208202,723.1428693312245,357784,1242.6823390784084,1869,81,1788,602,834,2620.3734052501363,2461.2851432507678,724.8299786125751,1162.4950450937504,1.2520366168475199,3.4035945698074968,1.9806229362494145,/Users/cudmore/Desktop/samiVolume/200421/BIN1smKO Male/Cell 9/KO Male 9_3ADVMLEG1L1_ch2.tif
